Constituency,2019_winner,2024_winner,Votes,Share,Majority,Turnout,Lab,Con,Ref,LD,Grn,SNP,PC,Other,Sum,Lab %,Con %,Ref %,LD %,Grn %,SNP %,PC %,Other %
Aldershot,Con,Lab,"19,764",40.70%,"5,683",61.80%,"19,764","14,081","8,210","4,052","2,155",0,0,282,"48,544",40.71%,29.01%,16.91%,8.35%,4.44%,0.00%,0.00%,0.58%
Aldridge-Brownhills,Con,Con,"15,901",38.80%,"4,231",57.80%,"11,670","15,901","9,903","1,755","1,746",0,0,0,"40,975",28.48%,38.81%,24.17%,4.28%,4.26%,0.00%,0.00%,0.00%
Altrincham and Sale West,Con,Lab,"20,798",40.40%,"4,174",69.50%,"20,798","16,624","4,961","4,727","3,699",0,0,643,"51,452",40.42%,32.31%,9.64%,9.19%,7.19%,0.00%,0.00%,1.25%
Amber Valley,Con,Lab,"15,746",37.00%,"3,554",60.30%,"15,746","10,725","12,192","1,590","2,278",0,0,0,"42,531",37.02%,25.22%,28.67%,3.74%,5.36%,0.00%,0.00%,0.00%
Arundel and South Downs,Con,Con,"22,001",40.20%,"12,134",70.20%,"9,782","22,001","7,391","9,867","5,515",0,0,184,"54,740",17.87%,40.19%,13.50%,18.03%,10.07%,0.00%,0.00%,0.34%
Ashfield,Con,Ref,"17,062",42.80%,"5,509",58.10%,"11,553","3,271","17,062",619,"1,100",0,0,0,"33,605",34.38%,9.73%,50.77%,1.84%,3.27%,0.00%,0.00%,0.00%
Ashford,Con,Lab,"15,262",32.50%,"1,779",61.60%,"15,262","13,483","10,141","2,445","4,355",0,0,"1,289","46,975",32.49%,28.70%,21.59%,5.20%,9.27%,0.00%,0.00%,2.74%
Ashton-under-Lyne,Lab,Lab,"15,575",43.90%,"6,791",49.90%,"15,575","4,375","8,784","1,411","2,481",0,0,"2,835","35,461",43.92%,12.34%,24.77%,3.98%,7.00%,0.00%,0.00%,7.99%
Aylesbury,Con,Lab,"15,081",30.20%,630,63.10%,"15,081","14,451","6,746","10,440","2,590",0,0,632,"49,940",30.20%,28.94%,13.51%,20.91%,5.19%,0.00%,0.00%,1.27%
Banbury,Con,Lab,"18,468",38.30%,"3,256",65.80%,"18,468","15,212","6,284","4,352","2,615",0,0,"1,247","48,178",38.33%,31.57%,13.04%,9.03%,5.43%,0.00%,0.00%,2.59%
Barking,Lab,Lab,"16,227",44.50%,"11,054",45.70%,"16,227","4,294","5,173","1,015","4,988",0,0,"4,780","36,477",44.49%,11.77%,14.18%,2.78%,13.67%,0.00%,0.00%,13.10%
Barnsley North,Lab,Lab,"18,610",50.40%,"7,811",47.30%,"18,610","3,083","10,799","1,336","1,805",0,0,"1,261","36,894",50.44%,8.36%,29.27%,3.62%,4.89%,0.00%,0.00%,3.42%
Barnsley South,Lab,Lab,"16,399",46.70%,"4,748",46.30%,"16,399","3,247","11,651","1,172","1,521",0,0,"1,092","35,082",46.74%,9.26%,33.21%,3.34%,4.34%,0.00%,0.00%,3.11%
Barrow and Furness,Con,Lab,"18,537",43.90%,"5,324",56.30%,"18,537","13,213","7,035","1,680","1,466",0,0,290,"42,221",43.90%,31.29%,16.66%,3.98%,3.47%,0.00%,0.00%,0.69%
Basildon and Billericay,Con,Con,"12,905",30.60%,20,55.40%,"12,885","12,905","11,354","2,292","2,123",0,0,565,"42,124",30.59%,30.64%,26.95%,5.44%,5.04%,0.00%,0.00%,1.34%
Basingstoke,Con,Lab,"20,922",42.70%,"6,484",64.50%,"20,922","14,438","6,314","3,176","3,568",0,0,571,"48,989",42.71%,29.47%,12.89%,6.48%,7.28%,0.00%,0.00%,1.17%
Bassetlaw,Con,Lab,"18,476",41.20%,"5,768",57.40%,"18,476","12,708","9,751","1,996","1,947",0,0,0,"44,878",41.17%,28.32%,21.73%,4.45%,4.34%,0.00%,0.00%,0.00%
Bath,LD,LD,"19,883",41.30%,"11,218",69.10%,"8,665","7,659","3,798","19,883","5,952",0,0,"2,173","48,130",18.00%,15.91%,7.89%,41.31%,12.37%,0.00%,0.00%,4.51%
Battersea,Lab,Lab,"22,983",48.80%,"12,039",64.70%,"22,983","10,944","2,825","4,826","4,239",0,0,"1,265","47,082",48.81%,23.24%,6.00%,10.25%,9.00%,0.00%,0.00%,2.69%
Beaconsfield,Con,Con,"18,494",38.80%,"5,455",65.60%,"7,216","18,494","6,055","13,039","1,977",0,0,945,"47,726",15.12%,38.75%,12.69%,27.32%,4.14%,0.00%,0.00%,1.98%
Beckenham and Penge,Lab,Lab,"25,753",49.30%,"12,905",69.50%,"25,753","12,848","5,355","4,436","3,830",0,0,0,"52,222",49.31%,24.60%,10.25%,8.49%,7.33%,0.00%,0.00%,0.00%
Bedford,Lab,Lab,"18,342",45.10%,"9,430",56.10%,"18,342","8,912","4,548","4,025","2,394",0,0,"2,438","40,659",45.11%,21.92%,11.19%,9.90%,5.89%,0.00%,0.00%,6.00%
Bermondsey and Old Southwark,Lab,Lab,"16,857",44.80%,"7,787",54.10%,"16,857","2,879","3,397","9,070","4,477",0,0,923,"37,603",44.83%,7.66%,9.03%,24.12%,11.91%,0.00%,0.00%,2.45%
Bethnal Green and Stepney,Lab,Lab,"15,896",34.10%,"1,689",57.00%,"15,896","1,920","1,964","4,777","6,391",0,0,"15,699","46,647",34.08%,4.12%,4.21%,10.24%,13.70%,0.00%,0.00%,33.65%
Beverley and Holderness,Con,Con,"15,501",34.50%,124,63.60%,"15,377","15,501","8,198","3,386","1,647",0,0,788,"44,897",34.25%,34.53%,18.26%,7.54%,3.67%,0.00%,0.00%,1.76%
Bexhill and Battle,Con,Con,"16,186",33.90%,"2,657",66.10%,"13,529","16,186","7,929","3,473","2,972",0,0,"3,517","47,606",28.42%,34.00%,16.66%,7.30%,6.24%,0.00%,0.00%,7.39%
Bexleyheath and Crayford,Con,Lab,"15,717",36.20%,"2,114",62.60%,"15,717","13,603","9,861","2,204","2,076",0,0,0,"43,461",36.16%,31.30%,22.69%,5.07%,4.78%,0.00%,0.00%,0.00%
Bicester and Woodstock,Con,LD,"19,419",38.70%,"4,958",67.50%,"8,236","14,461","5,408","19,419","2,404",0,0,291,"50,219",16.40%,28.80%,10.77%,38.67%,4.79%,0.00%,0.00%,0.58%
Birkenhead,Lab,Lab,"22,468",52.10%,"13,798",55.20%,"22,468","3,238","6,142","2,292","8,670",0,0,324,"43,134",52.09%,7.51%,14.24%,5.31%,20.10%,0.00%,0.00%,0.75%
Birmingham Edgbaston,Lab,Lab,"16,599",44.40%,"8,368",52.10%,"16,599","8,231","4,363","2,102","2,797",0,0,"3,336","37,428",44.35%,21.99%,11.66%,5.62%,7.47%,0.00%,0.00%,8.91%
Birmingham Erdington,Lab,Lab,"14,774",43.70%,"7,019",43.60%,"14,774","5,402","7,755","1,128","2,452",0,0,"2,287","33,798",43.71%,15.98%,22.95%,3.34%,7.25%,0.00%,0.00%,6.77%
Birmingham Hall Green and Moseley,Lab,Lab,"12,798",30.80%,"5,656",54.10%,"12,798","3,845","2,305","4,711","3,913",0,0,"14,034","41,606",30.76%,9.24%,5.54%,11.32%,9.40%,0.00%,0.00%,33.73%
Birmingham Hodge Hill and Solihull North,Lab,Lab,"10,655",31.20%,"1,566",43.90%,"10,655","4,634","6,456",942,"2,360",0,0,"9,089","34,136",31.21%,13.58%,18.91%,2.76%,6.91%,0.00%,0.00%,26.63%
Birmingham Ladywood,Lab,Lab,"15,558",42.50%,"3,421",43.70%,"15,558","2,218","1,477","1,711","3,478",0,0,"12,137","36,579",42.53%,6.06%,4.04%,4.68%,9.51%,0.00%,0.00%,33.18%
Birmingham Northfield,Con,Lab,"14,929",39.70%,"5,389",50.90%,"14,929","9,540","7,895","1,791","2,809",0,0,688,"37,652",39.65%,25.34%,20.97%,4.76%,7.46%,0.00%,0.00%,1.83%
Birmingham Perry Barr,Lab,Ind,"13,303",35.50%,507,49.10%,"12,796","4,227","1,302","2,446","2,440",0,0,"14,265","37,476",34.14%,11.28%,3.47%,6.53%,6.51%,0.00%,0.00%,38.06%
Birmingham Selly Oak,Lab,Lab,"17,371",45.20%,"11,537",50.80%,"17,371","5,834","5,732","2,324","4,320",0,0,"2,842","38,423",45.21%,15.18%,14.92%,6.05%,11.24%,0.00%,0.00%,7.40%
Birmingham Yardley,Lab,Lab,"11,275",31.20%,693,49.40%,"11,275","3,634","5,061","3,634","1,958",0,0,"10,582","36,144",31.19%,10.05%,14.00%,10.05%,5.42%,0.00%,0.00%,29.28%
Bishop Auckland,Con,Lab,"17,036",42.10%,"6,672",57.10%,"17,036","10,364","9,466","1,373","1,857",0,0,331,"40,427",42.14%,25.64%,23.42%,3.40%,4.59%,0.00%,0.00%,0.82%
Blackburn,Lab,Ind,"10,518",27.10%,132,53.10%,"10,386","3,474","4,844",689,"1,416",0,0,"18,078","38,887",26.71%,8.93%,12.46%,1.77%,3.64%,0.00%,0.00%,46.49%
Blackley and Middleton South,Lab,Lab,"16,834",53.80%,"10,220",43.50%,"16,834","3,073","6,614","1,592","3,197",0,0,0,"31,310",53.77%,9.81%,21.12%,5.08%,10.21%,0.00%,0.00%,0.00%
Blackpool North and Fleetwood,Con,Lab,"16,744",40.00%,"4,647",57.00%,"16,744","12,097","9,913","1,318","1,269",0,0,469,"41,810",40.05%,28.93%,23.71%,3.15%,3.04%,0.00%,0.00%,1.12%
Blackpool South,Con,Lab,"16,916",48.10%,"6,848",45.40%,"16,916","5,504","10,068","1,041","1,207",0,0,444,"35,180",48.08%,15.65%,28.62%,2.96%,3.43%,0.00%,0.00%,1.26%
Blaydon and Consett,Lab,Lab,"21,160",50.10%,"11,153",59.90%,"21,160","6,052","10,007","2,273","2,589",0,0,135,"42,216",50.12%,14.34%,23.70%,5.38%,6.13%,0.00%,0.00%,0.32%
Blyth and Ashington,Lab,Lab,"20,030",49.60%,"9,173",53.50%,"20,030","6,121","10,857","1,433","1,960",0,0,0,"40,401",49.58%,15.15%,26.87%,3.55%,4.85%,0.00%,0.00%,0.00%
Bognor Regis and Littlehampton,Con,Con,"15,678",32.80%,"1,765",61.60%,"13,913","15,678","10,262","5,081","2,185",0,0,708,"47,827",29.09%,32.78%,21.46%,10.62%,4.57%,0.00%,0.00%,1.48%
Bolsover,Con,Lab,"17,197",40.50%,"6,323",56.50%,"17,197","10,874","9,131","1,478","3,754",0,0,0,"42,434",40.53%,25.63%,21.52%,3.48%,8.85%,0.00%,0.00%,0.00%
Bolton North East,Con,Lab,"16,166",37.30%,"6,653",54.20%,"16,166","9,513","9,428","1,507","4,683",0,0,"2,062","43,359",37.28%,21.94%,21.74%,3.48%,10.80%,0.00%,0.00%,4.76%
Bolton South and Walkden,Lab,Lab,"15,093",40.90%,"6,743",46.40%,"15,093","4,170","8,350","1,384","2,827",0,0,"5,106","36,930",40.87%,11.29%,22.61%,3.75%,7.66%,0.00%,0.00%,13.83%
Bolton West,Con,Lab,"17,363",38.90%,"4,945",59.80%,"17,363","12,418","8,517","1,966","4,132",0,0,202,"44,598",38.93%,27.84%,19.10%,4.41%,9.26%,0.00%,0.00%,0.45%
Bootle,Lab,Lab,"26,729",68.80%,"21,983",52.00%,"26,729","1,674","4,746","1,301","3,904",0,0,526,"38,880",68.75%,4.31%,12.21%,3.35%,10.04%,0.00%,0.00%,1.35%
Boston and Skegness,Con,Ref,"15,520",38.40%,"2,010",53.40%,"7,629","13,510","15,520","1,375","1,506",0,0,915,"40,455",18.86%,33.40%,38.36%,3.40%,3.72%,0.00%,0.00%,2.26%
Bournemouth East,Con,Lab,"18,316",40.80%,"5,479",62.10%,"18,316","12,837","6,268","3,082","2,790",0,0,"1,617","44,910",40.78%,28.58%,13.96%,6.86%,6.21%,0.00%,0.00%,3.60%
Bournemouth West,Con,Lab,"14,365",36.40%,"3,224",56.10%,"14,365","11,141","6,647","4,311","2,614",0,0,340,"39,418",36.44%,28.26%,16.86%,10.94%,6.63%,0.00%,0.00%,0.86%
Bracknell,Con,Lab,"14,783",33.70%,784,61.20%,"14,783","13,999","7,445","4,768","2,166",0,0,676,"43,837",33.72%,31.93%,16.98%,10.88%,4.94%,0.00%,0.00%,1.54%
Bradford East,Lab,Lab,"14,098",37.90%,"6,189",49.50%,"14,098","3,450","4,952","1,910","2,571",0,0,"10,170","37,151",37.95%,9.29%,13.33%,5.14%,6.92%,0.00%,0.00%,27.37%
Bradford South,Lab,Lab,"11,833",35.80%,"4,392",46.50%,"11,833","4,853","7,441",954,"3,366",0,0,"4,595","33,042",35.81%,14.69%,22.52%,2.89%,10.19%,0.00%,0.00%,13.91%
Bradford West,Lab,Lab,"11,724",31.60%,707,47.60%,"11,724","3,055","2,958",756,"3,690",0,0,"14,898","37,081",31.62%,8.24%,7.98%,2.04%,9.95%,0.00%,0.00%,40.18%
Braintree,Con,Con,"17,414",35.50%,"3,670",63.00%,"13,744","17,414","11,346","2,879","2,878",0,0,767,"49,028",28.03%,35.52%,23.14%,5.87%,5.87%,0.00%,0.00%,1.56%
Brent East,Lab,Lab,"19,370",51.20%,"13,047",48.90%,"19,370","6,323","2,024","2,635","3,729",0,0,"3,739","37,820",51.22%,16.72%,5.35%,6.97%,9.86%,0.00%,0.00%,9.89%
Brent West,Lab,Lab,"17,258",41.70%,"3,793",51.80%,"17,258","13,465","2,061","3,013","2,805",0,0,"2,774","41,376",41.71%,32.54%,4.98%,7.28%,6.78%,0.00%,0.00%,6.70%
Brentford and Isleworth,Lab,Lab,"20,007",44.20%,"9,824",58.10%,"20,007","10,183","3,940","3,863","4,029",0,0,"3,232","45,254",44.21%,22.50%,8.71%,8.54%,8.90%,0.00%,0.00%,7.14%
Brentwood and Ongar,Con,Con,"17,731",36.70%,"5,980",65.20%,"11,082","17,731","11,751","5,809","1,770",0,0,189,"48,332",22.93%,36.69%,24.31%,12.02%,3.66%,0.00%,0.00%,0.39%
Bridgwater,Con,Con,"12,281",30.60%,"1,349",56.10%,"10,932","12,281","8,913","5,781","1,720",0,0,502,"40,129",27.24%,30.60%,22.21%,14.41%,4.29%,0.00%,0.00%,1.25%
Bridlington and The Wolds,Con,Con,"14,846",34.60%,"3,125",58.90%,"11,721","14,846","10,350","3,097","1,595",0,0,"1,328","42,937",27.30%,34.58%,24.11%,7.21%,3.71%,0.00%,0.00%,3.09%
Brigg and Immingham,Con,Con,"15,905",37.40%,"3,243",63.80%,"12,662","15,905","10,594","1,442","1,905",0,0,0,"42,508",29.79%,37.42%,24.92%,3.39%,4.48%,0.00%,0.00%,0.00%
Brighton Kemptown and Peacehaven,Lab,Lab,"17,893",44.00%,"9,663",59.20%,"17,893","8,230",0,"3,949","7,997",0,0,"2,617","40,686",43.98%,20.23%,0.00%,9.71%,19.66%,0.00%,0.00%,6.43%
Brighton Pavilion,Grn,Grn,"28,809",55.00%,"14,290",70.00%,"14,519","3,975","2,836","1,604","28,809",0,0,620,"52,363",27.73%,7.59%,5.42%,3.06%,55.02%,0.00%,0.00%,1.18%
Bristol Central,Lab,Grn,"24,539",56.60%,"10,407",61.80%,"14,132","1,998","1,338","1,162","24,539",0,0,196,"43,365",32.59%,4.61%,3.09%,2.68%,56.59%,0.00%,0.00%,0.45%
Bristol East,Lab,Lab,"20,748",45.00%,"6,606",60.70%,"20,748","6,435",0,"2,713","14,142",0,0,"2,071","46,109",45.00%,13.96%,0.00%,5.88%,30.67%,0.00%,0.00%,4.49%
Bristol North East,Lab,Lab,"19,004",45.30%,"11,167",59.90%,"19,004","6,216","5,418","1,964","7,837",0,0,"1,550","41,989",45.26%,14.80%,12.90%,4.68%,18.66%,0.00%,0.00%,3.69%
Bristol North West,Lab,Lab,"24,058",49.60%,"15,669",64.70%,"24,058","6,773","4,863","4,159","8,389",0,0,222,"48,464",49.64%,13.98%,10.03%,8.58%,17.31%,0.00%,0.00%,0.46%
Bristol South,Lab,Lab,"18,521",42.70%,"7,666",57.50%,"18,521","4,947","6,195","2,721","10,855",0,0,164,"43,403",42.67%,11.40%,14.27%,6.27%,25.01%,0.00%,0.00%,0.38%
Broadland and Fakenham,Con,Con,"16,322",33.00%,719,65.40%,"15,603","16,322","8,859","5,526","3,203",0,0,0,"49,513",31.51%,32.97%,17.89%,11.16%,6.47%,0.00%,0.00%,0.00%
Bromley and Biggin Hill,Con,Con,"15,929",34.00%,302,67.60%,"15,627","15,929","8,203","4,352","2,583",0,0,94,"46,788",33.40%,34.05%,17.53%,9.30%,5.52%,0.00%,0.00%,0.20%
Bromsgrove,Con,Con,"16,533",32.80%,"3,016",67.10%,"13,517","16,533","9,584","7,391","1,675",0,0,"1,705","50,405",26.82%,32.80%,19.01%,14.66%,3.32%,0.00%,0.00%,3.38%
Broxtowe,Con,Lab,"19,561",40.90%,"8,403",66.50%,"19,561","11,158","8,402","3,807","3,488",0,0,"1,422","47,838",40.89%,23.32%,17.56%,7.96%,7.29%,0.00%,0.00%,2.97%
Buckingham and Bletchley,Con,Lab,"17,602",36.90%,"2,421",63.70%,"17,602","15,181","7,468","4,300","2,590",0,0,500,"47,641",36.95%,31.87%,15.68%,9.03%,5.44%,0.00%,0.00%,1.05%
Burnley,Con,Lab,"12,598",31.70%,"3,420",53.00%,"12,598","8,058","7,755","9,178","1,518",0,0,612,"39,719",31.72%,20.29%,19.52%,23.11%,3.82%,0.00%,0.00%,1.54%
Burton and Uttoxeter,Con,Lab,"16,222",35.60%,"2,266",60.80%,"16,222","13,956","9,611","1,663","2,119",0,0,"2,056","45,627",35.55%,30.59%,21.06%,3.64%,4.64%,0.00%,0.00%,4.51%
Bury North,Con,Lab,"19,625",43.10%,"6,944",58.50%,"19,625","12,681","7,385","1,317","1,747",0,0,"2,765","45,520",43.11%,27.86%,16.22%,2.89%,3.84%,0.00%,0.00%,6.07%
Bury South,Con,Lab,"19,247",45.60%,"9,361",56.00%,"19,247","9,886","6,865","1,796","2,715",0,0,"1,705","42,214",45.59%,23.42%,16.26%,4.25%,6.43%,0.00%,0.00%,4.04%
Bury St Edmunds and Stowmarket,Con,Lab,"16,745",32.90%,"1,452",65.60%,"16,745","15,293","8,595","3,154","5,761",0,0,"1,345","50,893",32.90%,30.05%,16.89%,6.20%,11.32%,0.00%,0.00%,2.64%
Calder Valley,Con,Lab,"22,046",44.40%,"8,991",64.10%,"22,046","13,055","7,644","2,587","3,701",0,0,575,"49,608",44.44%,26.32%,15.41%,5.21%,7.46%,0.00%,0.00%,1.16%
Camborne and Redruth,Con,Lab,"19,360",40.50%,"7,806",64.20%,"19,360","11,554","8,952","4,113","2,840",0,0,966,"47,785",40.51%,24.18%,18.73%,8.61%,5.94%,0.00%,0.00%,2.02%
Cambridge,Lab,Lab,"19,614",46.60%,"11,078",60.40%,"19,614","5,073",0,"8,536","6,842",0,0,"2,035","42,100",46.59%,12.05%,0.00%,20.28%,16.25%,0.00%,0.00%,4.83%
Cannock Chase,Con,Lab,"15,671",36.50%,"3,125",55.80%,"15,671","12,546","11,570","1,029","2,137",0,0,0,"42,953",36.48%,29.21%,26.94%,2.40%,4.98%,0.00%,0.00%,0.00%
Canterbury,Lab,Lab,"19,531",41.40%,"8,653",66.40%,"19,531","10,878","6,805","3,812","5,920",0,0,285,"47,231",41.35%,23.03%,14.41%,8.07%,12.53%,0.00%,0.00%,0.60%
Carlisle,Con,Lab,"18,129",39.40%,"5,200",59.10%,"18,129","12,929","9,295","2,982","1,922",0,0,722,"45,979",39.43%,28.12%,20.22%,6.49%,4.18%,0.00%,0.00%,1.57%
Carshalton and Wallington,Con,LD,"20,126",43.10%,"7,905",64.00%,"6,108","12,221","5,941","20,126","1,517",0,0,757,"46,670",13.09%,26.19%,12.73%,43.12%,3.25%,0.00%,0.00%,1.62%
Castle Point,Con,Con,"15,485",38.10%,"3,251",57.60%,"9,455","15,485","12,234","1,341","2,118",0,0,0,"40,633",23.27%,38.11%,30.11%,3.30%,5.21%,0.00%,0.00%,0.00%
Central Devon,Con,Con,"16,831",31.50%,61,71.20%,"16,770","16,831","7,784","8,232","3,338",0,0,477,"53,432",31.39%,31.50%,14.57%,15.41%,6.25%,0.00%,0.00%,0.89%
Central Suffolk and North Ipswich,Con,Con,"15,144",32.60%,"4,290",65.00%,"10,854","15,144","8,806","5,407","5,652",0,0,560,"46,423",23.38%,32.62%,18.97%,11.65%,12.17%,0.00%,0.00%,1.21%
Chatham and Aylesford,Con,Lab,"13,689",33.50%,"1,998",54.40%,"13,689","11,691","9,989","2,175","2,504",0,0,797,"40,845",33.51%,28.62%,24.46%,5.33%,6.13%,0.00%,0.00%,1.95%
Cheadle,Con,LD,"23,681",46.70%,"12,235",69.70%,"7,909","11,446","5,149","23,681","1,630",0,0,916,"50,731",15.59%,22.56%,10.15%,46.68%,3.21%,0.00%,0.00%,1.81%
Chelmsford,Con,LD,"20,214",39.90%,"4,753",65.90%,"6,108","15,461","6,754","20,214","1,588",0,0,591,"50,716",12.04%,30.49%,13.32%,39.86%,3.13%,0.00%,0.00%,1.17%
Chelsea and Fulham,Con,Lab,"18,556",39.40%,152,61.60%,"18,556","18,404","3,144","3,611","2,798",0,0,603,"47,116",39.38%,39.06%,6.67%,7.66%,5.94%,0.00%,0.00%,1.28%
Cheltenham,Con,LD,"25,076",50.60%,"7,210",65.10%,"2,665","17,866",0,"25,076","3,160",0,0,775,"49,542",5.38%,36.06%,0.00%,50.62%,6.38%,0.00%,0.00%,1.56%
Chesham and Amersham,Con,LD,"24,422",44.80%,"5,451",72.70%,"3,502","18,971","5,310","24,422","1,673",0,0,577,"54,455",6.43%,34.84%,9.75%,44.85%,3.07%,0.00%,0.00%,1.06%
Chester North and Neston,Lab,Lab,"22,258",49.80%,"11,870",63.70%,"22,258","10,388","5,870","2,076","4,102",0,0,0,"44,694",49.80%,23.24%,13.13%,4.64%,9.18%,0.00%,0.00%,0.00%
Chester South and Eddisbury,Con,Con,"19,905",37.90%,"3,057",70.70%,"16,848","19,905","6,414","5,430","2,278",0,0,"1,611","52,486",32.10%,37.92%,12.22%,10.35%,4.34%,0.00%,0.00%,3.07%
Chesterfield,Lab,Lab,"19,316",46.50%,"10,820",58.50%,"19,316","8,496","7,897","2,553","2,682",0,0,611,"41,555",46.48%,20.45%,19.00%,6.14%,6.45%,0.00%,0.00%,1.47%
Chichester,Con,LD,"25,540",49.20%,"12,178",66.30%,"3,175","13,368","7,859","25,540","1,815",0,0,190,"51,947",6.11%,25.73%,15.13%,49.17%,3.49%,0.00%,0.00%,0.37%
Chingford and Woodford Green,Con,Con,"17,281",35.60%,"4,758",64.50%,"12,523","17,281","3,653","1,275","1,334",0,0,"12,445","48,511",25.81%,35.62%,7.53%,2.63%,2.75%,0.00%,0.00%,25.65%
Chipping Barnet,Con,Lab,"21,585",42.40%,"2,914",65.20%,"21,585","18,671","3,986","2,614","3,442",0,0,561,"50,859",42.44%,36.71%,7.84%,5.14%,6.77%,0.00%,0.00%,1.10%
Chorley,Spkr,Spkr,"25,238",74.30%,"20,575",47.20%,0,0,0,0,"4,663",0,0,"29,301",33964,0.00%,0.00%,0.00%,0.00%,13.73%,0.00%,0.00%,86.27%
Christchurch,Con,Con,"16,941",35.80%,"7,455",66.60%,"7,762","16,941","8,961","9,486","1,900",0,0,"2,285","47,335",16.40%,35.79%,18.93%,20.04%,4.01%,0.00%,0.00%,4.83%
Cities of London and Westminster,Con,Lab,"15,302",39.00%,"2,708",53.30%,"15,302","12,594","2,752","4,335","2,844",0,0,"1,299","39,126",39.11%,32.19%,7.03%,11.08%,7.27%,0.00%,0.00%,3.32%
City of Durham,Lab,Lab,"19,131",47.10%,"11,757",57.60%,"19,131","5,221","7,374","5,920","2,803",0,0,178,"40,627",47.09%,12.85%,18.15%,14.57%,6.90%,0.00%,0.00%,0.44%
Clacton,Con,Ref,"21,225",46.20%,"8,405",58.40%,"7,448","12,820","21,225","2,016","1,935",0,0,514,"45,958",16.21%,27.90%,46.18%,4.39%,4.21%,0.00%,0.00%,1.12%
Colchester,Con,Lab,"18,804",41.90%,"8,250",57.10%,"18,804","10,554","6,664","6,393","2,414",0,0,74,"44,903",41.88%,23.50%,14.84%,14.24%,5.38%,0.00%,0.00%,0.16%
Colne Valley,Con,Lab,"18,970",41.00%,"4,963",63.60%,"18,970","14,007","7,298","2,007","3,480",0,0,459,"46,221",41.04%,30.30%,15.79%,4.34%,7.53%,0.00%,0.00%,0.99%
Congleton,Con,Lab,"18,875",37.70%,"3,387",67.50%,"18,875","15,488","8,245","2,785","2,007",0,0,"2,725","50,125",37.66%,30.90%,16.45%,5.56%,4.00%,0.00%,0.00%,5.44%
Corby and East Northamptonshire,Con,Lab,"21,020",42.40%,"6,331",63.80%,"21,020","14,689","8,760","2,191","2,507",0,0,422,"49,589",42.39%,29.62%,17.67%,4.42%,5.06%,0.00%,0.00%,0.85%
Coventry East,Lab,Lab,"18,308",49.50%,"11,623",48.80%,"18,308","6,240","6,685","1,227","2,730",0,0,"1,824","37,014",49.46%,16.86%,18.06%,3.31%,7.38%,0.00%,0.00%,4.93%
Coventry North West,Lab,Lab,"19,696",46.90%,"11,174",55.90%,"19,696","8,522","7,950","1,931","3,420",0,0,511,"42,030",46.86%,20.28%,18.92%,4.59%,8.14%,0.00%,0.00%,1.22%
Coventry South,Lab,Lab,"20,361",47.60%,"10,201",56.00%,"20,361","10,160","5,711","2,531","2,363",0,0,"1,605","42,731",47.65%,23.78%,13.37%,5.92%,5.53%,0.00%,0.00%,3.76%
Crawley,Con,Lab,"17,453",38.20%,"5,235",61.50%,"17,453","12,218","8,447","2,205","2,621",0,0,"2,698","45,642",38.24%,26.77%,18.51%,4.83%,5.74%,0.00%,0.00%,5.91%
Cramlington and Killingworth,Lab,Lab,"22,274",49.10%,"12,820",59.60%,"22,274","8,592","9,454","1,898","2,144",0,0,"1,032","45,394",49.07%,18.93%,20.83%,4.18%,4.72%,0.00%,0.00%,2.27%
Crewe and Nantwich,Con,Lab,"20,837",44.10%,"9,727",60.20%,"20,837","11,110","9,602","2,286","2,151",0,0,"1,211","47,197",44.15%,23.54%,20.34%,4.84%,4.56%,0.00%,0.00%,2.57%
Croydon East,Lab,Lab,"18,541",42.40%,"6,825",57.10%,"18,541","11,716","5,862","3,563","4,097",0,0,0,"43,779",42.35%,26.76%,13.39%,8.14%,9.36%,0.00%,0.00%,0.00%
Croydon South,Con,Con,"19,757",40.00%,"2,313",66.00%,"19,757","17,444","4,149","4,384","2,859",0,0,785,"49,378",40.01%,35.33%,8.40%,8.88%,5.79%,0.00%,0.00%,1.59%
Croydon West,Lab,Lab,"20,612",54.10%,"14,226",48.90%,"20,612","6,386","2,148","3,667","3,851",0,0,"1,458","38,122",54.07%,16.75%,5.63%,9.62%,10.10%,0.00%,0.00%,3.82%
Dagenham and Rainham,Lab,Lab,"16,571",42.60%,"7,173",50.80%,"16,571","6,926","9,398","1,033","4,184",0,0,755,"38,867",42.64%,17.82%,24.18%,2.66%,10.76%,0.00%,0.00%,1.94%
Darlington,Con,Lab,"16,621",39.20%,"2,298",60.00%,"16,621","14,323","6,852","1,735","2,847",0,0,0,"42,378",39.22%,33.80%,16.17%,4.09%,6.72%,0.00%,0.00%,0.00%
Dartford,Con,Lab,"15,392",34.60%,"1,192",59.00%,"15,392","14,200","9,523","2,184","3,189",0,0,0,"44,488",34.60%,31.92%,21.41%,4.91%,7.17%,0.00%,0.00%,0.00%
Daventry,Con,Con,"17,872",33.70%,"3,012",65.90%,"14,860","17,872","10,636","6,755","2,959",0,0,0,"53,082",27.99%,33.67%,20.04%,12.73%,5.57%,0.00%,0.00%,0.00%
Derby North,Con,Lab,"18,619",45.50%,"8,915",55.90%,"18,619","9,704","7,488","1,822","3,286",0,0,0,"40,919",45.50%,23.72%,18.30%,4.45%,8.03%,0.00%,0.00%,0.00%
Derby South,Lab,Lab,"14,503",38.80%,"6,002",51.20%,"14,503","5,192","8,501","1,807","1,889",0,0,"5,497","37,389",38.79%,13.89%,22.74%,4.83%,5.05%,0.00%,0.00%,14.70%
Derbyshire Dales,Con,Lab,"17,759",34.60%,350,69.90%,"17,759","17,409","7,728","4,860","2,830",0,0,686,"51,272",34.64%,33.95%,15.07%,9.48%,5.52%,0.00%,0.00%,1.34%
Dewsbury and Batley,Lab,Ind,"15,641",41.10%,"6,934",53.10%,"8,707","4,182","6,152","1,340","2,048",0,0,"15,641","38,070",22.87%,10.99%,16.16%,3.52%,5.38%,0.00%,0.00%,41.08%
Didcot and Wantage,Con,LD,"21,793",39.80%,"6,233",67.80%,"8,045","15,560","6,400","21,793","2,693",0,0,242,"54,733",14.70%,28.43%,11.69%,39.82%,4.92%,0.00%,0.00%,0.44%
Doncaster Central,Lab,Lab,"17,515",46.20%,"9,216",50.80%,"17,515","7,964","7,886","1,199","1,880",0,0,"1,500","37,944",46.16%,20.99%,20.78%,3.16%,4.95%,0.00%,0.00%,3.95%
Doncaster East and the Isle of Axholme,Con,Lab,"15,122",38.60%,"2,311",55.80%,"15,122","12,811","8,487","1,166","1,400",0,0,146,"39,132",38.64%,32.74%,21.69%,2.98%,3.58%,0.00%,0.00%,0.37%
Doncaster North,Lab,Lab,"16,231",52.40%,"9,216",44.40%,"16,231","7,105",0,"1,045","1,778",0,0,"4,843","31,002",52.35%,22.92%,0.00%,3.37%,5.74%,0.00%,0.00%,15.62%
Dorking and Horley,Con,LD,"20,921",41.90%,"5,391",72.80%,"4,053","15,530","6,898","20,921","2,563",0,0,0,"49,965",8.11%,31.08%,13.81%,41.87%,5.13%,0.00%,0.00%,0.00%
Dover and Deal,Con,Lab,"18,940",39.60%,"7,559",64.20%,"18,940","10,370","11,355","2,595","3,106",0,0,"1,409","47,775",39.64%,21.71%,23.77%,5.43%,6.50%,0.00%,0.00%,2.95%
Dudley,Con,Lab,"12,215",34.10%,"1,900",51.00%,"12,215","10,315","9,442","1,056","1,154",0,0,"1,614","35,796",34.12%,28.82%,26.38%,2.95%,3.22%,0.00%,0.00%,4.51%
Dulwich and West Norwood,Lab,Lab,"27,356",60.30%,"18,798",61.10%,"27,356","3,873","1,801","3,485","8,567",0,0,296,"45,378",60.28%,8.53%,3.97%,7.68%,18.88%,0.00%,0.00%,0.65%
Ealing Central and Acton,Lab,Lab,"22,340",46.80%,"13,995",60.90%,"22,340","8,345","3,105","6,056","5,444",0,0,"2,479","47,769",46.77%,17.47%,6.50%,12.68%,11.40%,0.00%,0.00%,5.19%
Ealing North,Lab,Lab,"20,633",47.80%,"12,489",57.80%,"20,633","8,144","3,948","2,543","4,056",0,0,"3,878","43,202",47.76%,18.85%,9.14%,5.89%,9.39%,0.00%,0.00%,8.98%
Ealing Southall,Lab,Lab,"23,000",49.10%,"15,793",59.50%,"23,000","7,207","2,585","2,832","4,356",0,0,"6,836","46,816",49.13%,15.39%,5.52%,6.05%,9.30%,0.00%,0.00%,14.60%
Easington,Lab,Lab,"16,774",48.90%,"6,542",49.40%,"16,774","3,753","10,232",811,"1,173",0,0,"1,581","34,324",48.87%,10.93%,29.81%,2.36%,3.42%,0.00%,0.00%,4.61%
East Ham,Lab,Lab,"19,570",51.60%,"12,863",47.90%,"19,570","3,876","1,340","1,210","4,226",0,0,"7,670","37,892",51.65%,10.23%,3.54%,3.19%,11.15%,0.00%,0.00%,20.24%
East Hampshire,Con,Con,"18,509",36.90%,"1,275",70.90%,"4,967","18,509","6,476","17,234","2,404",0,0,516,"50,106",9.91%,36.94%,12.92%,34.40%,4.80%,0.00%,0.00%,1.03%
East Surrey,Con,Con,"17,502",35.60%,"7,450",67.10%,"10,052","17,502","8,380","8,833","2,957",0,0,"1,472","49,196",20.43%,35.58%,17.03%,17.95%,6.01%,0.00%,0.00%,2.99%
East Wiltshire,Con,Con,"16,849",35.70%,"4,716",63.70%,"12,133","16,849","7,885","8,204","1,844",0,0,278,"47,193",25.71%,35.70%,16.71%,17.38%,3.91%,0.00%,0.00%,0.59%
East Worthing and Shoreham,Con,Lab,"22,120",45.10%,"9,519",66.60%,"22,120","12,601","7,169","3,180","3,246",0,0,762,"49,078",45.07%,25.68%,14.61%,6.48%,6.61%,0.00%,0.00%,1.55%
Eastbourne,Con,LD,"23,742",52.10%,"12,204",62.80%,"2,689","11,538","6,061","23,742","1,424",0,0,154,"45,608",5.90%,25.30%,13.29%,52.06%,3.12%,0.00%,0.00%,0.34%
Eastleigh,Con,LD,"15,970",34.40%,"1,546",66.40%,"7,005","14,424","6,151","15,970","2,403",0,0,467,"46,420",15.09%,31.07%,13.25%,34.40%,5.18%,0.00%,0.00%,1.01%
Edmonton and Winchmore Hill,Lab,Lab,"20,520",50.00%,"12,632",54.20%,"20,520","7,888","3,501","2,721","3,681",0,0,"2,734","41,045",49.99%,19.22%,8.53%,6.63%,8.97%,0.00%,0.00%,6.66%
Ellesmere Port and Bromborough,Lab,Lab,"24,186",57.60%,"16,908",59.30%,"24,186","5,210","7,278","2,328","2,706",0,0,256,"41,964",57.64%,12.42%,17.34%,5.55%,6.45%,0.00%,0.00%,0.61%
Eltham and Chislehurst,Lab,Lab,"20,069",44.00%,"21,543",61.40%,"20,069","11,640","7,428","2,423","3,079",0,0,927,"45,566",44.04%,25.55%,16.30%,5.32%,6.76%,0.00%,0.00%,2.03%
Enfield North,Lab,Lab,"21,368",49.10%,"12,736",55.20%,"21,368","8,632","5,146","2,517","3,713",0,0,"2,116","43,492",49.13%,19.85%,11.83%,5.79%,8.54%,0.00%,0.00%,4.87%
Ely and East Cambridgeshire,Con,LD,"17,127",32.70%,495,66.40%,"9,160","16,632","6,443","17,127","2,359",0,0,648,"52,369",17.49%,31.76%,12.30%,32.70%,4.50%,0.00%,0.00%,1.24%
Epping Forest,Con,Con,"18,038",43.20%,"5,682",56.20%,"12,356","18,038",0,"5,268","2,486",0,0,"3,605","41,753",29.59%,43.20%,0.00%,12.62%,5.95%,0.00%,0.00%,8.63%
Epsom and Ewell,Con,LD,"20,674",37.90%,"3,686",70.30%,"8,325","16,988","5,795","20,674","1,745",0,0,998,"54,525",15.27%,31.16%,10.63%,37.92%,3.20%,0.00%,0.00%,1.83%
Erewash,Con,Lab,"17,224",39.90%,"5,859",59.30%,"17,224","11,365","9,162","2,426","2,478",0,0,351,"43,006",40.05%,26.43%,21.30%,5.64%,5.76%,0.00%,0.00%,0.82%
Erith and Thamesmead,Lab,Lab,"22,246",55.10%,"16,032",51.20%,"22,246","5,564","5,944","1,872","3,482",0,0,"1,271","40,379",55.09%,13.78%,14.72%,4.64%,8.62%,0.00%,0.00%,3.15%
Esher and Walton,Con,LD,"28,315",52.60%,"12,003",72.80%,"2,846","16,312","4,777","28,315","1,396",0,0,234,"53,880",5.28%,30.27%,8.87%,52.55%,2.59%,0.00%,0.00%,0.43%
Exeter,Lab,Lab,"18,225",45.30%,"11,937",59.30%,"18,225","6,288","4,914","4,201","5,907",0,0,660,"40,195",45.34%,15.64%,12.23%,10.45%,14.70%,0.00%,0.00%,1.64%
Exmouth and Exeter East,Con,Con,"14,728",28.70%,121,64.30%,"14,607","14,728","7,095","11,387","2,331",0,0,"1,178","51,326",28.46%,28.70%,13.82%,22.19%,4.54%,0.00%,0.00%,2.30%
Fareham and Waterlooville,Con,Con,"17,561",35.00%,"6,079",64.50%,"11,482","17,561","9,084","9,533","2,036",0,0,427,"50,123",22.91%,35.04%,18.12%,19.02%,4.06%,0.00%,0.00%,0.85%
Farnham and Bordon,Con,Con,"18,951",35.80%,"1,349",69.80%,"7,328","18,951","6,217","17,602","2,496",0,0,421,"53,015",13.82%,35.75%,11.73%,33.20%,4.71%,0.00%,0.00%,0.79%
Fylde,Con,Con,"15,917",33.20%,561,62.20%,"15,356","15,917","8,295","2,120","1,560",0,0,"4,712","47,960",32.02%,33.19%,17.30%,4.42%,3.25%,0.00%,0.00%,9.82%
Forest of Dean,Con,Lab,"16,373",34.00%,278,67.30%,"16,373","16,095","8,194","2,604","4,735",0,0,90,"48,091",34.05%,33.47%,17.04%,5.41%,9.85%,0.00%,0.00%,0.19%
Frome and East Somerset,Con,LD,"16,580",35.50%,"5,415",66.30%,"6,416","11,165","6,441","16,580","5,083",0,0,"1,031","46,716",13.73%,23.90%,13.79%,35.49%,10.88%,0.00%,0.00%,2.21%
Gainsborough,Con,Con,"16,636",35.60%,"3,532",61.60%,"13,104","16,636","9,916","5,001","1,832",0,0,196,"46,685",28.07%,35.63%,21.24%,10.71%,3.92%,0.00%,0.00%,0.42%
Gateshead Central and Whickham,Lab,Lab,"18,245",45.40%,"11,153",58.50%,"18,245","4,628","8,601","4,987","3,217",0,0,539,"40,217",45.37%,11.51%,21.39%,12.40%,8.00%,0.00%,0.00%,1.34%
Gedling,Con,Lab,"23,278",47.80%,"11,881",63.30%,"23,278","11,397","8,211","2,473","3,122",0,0,241,"48,722",47.78%,23.39%,16.85%,5.08%,6.41%,0.00%,0.00%,0.49%
Glastonbury and Somerton,Con,LD,"20,364",42.70%,"6,611",65.00%,"3,111","13,753","7,678","20,364","2,736",0,0,0,"47,642",6.53%,28.87%,16.12%,42.74%,5.74%,0.00%,0.00%,0.00%
Gloucester,Con,Lab,"16,472",36.10%,"3,431",57.50%,"16,472","13,041","7,307","4,759","2,307",0,0,"1,806","45,692",36.05%,28.54%,15.99%,10.42%,5.05%,0.00%,0.00%,3.95%
Goole and Pocklington,Con,Con,"18,981",38.20%,"3,572",63.50%,"15,409","18,981","9,054","3,380","2,451",0,0,467,"49,742",30.98%,38.16%,18.20%,6.80%,4.93%,0.00%,0.00%,0.94%
Gorton and Denton,Lab,Lab,"18,555",50.80%,"13,413",46.80%,"18,555","2,888","5,142","1,399","4,810",0,0,"3,766","36,560",50.75%,7.90%,14.06%,3.83%,13.16%,0.00%,0.00%,10.30%
Gosport,Con,Con,"17,830",40.30%,"6,066",60.30%,"11,776","17,830","7,983","4,039","1,948",0,0,701,"44,277",26.60%,40.27%,18.03%,9.12%,4.40%,0.00%,0.00%,1.58%
Grantham and Bourne,Con,Con,"16,770",36.40%,"4,496",62.90%,"12,274","16,770","9,393","2,027","2,570",0,0,"3,091","46,125",26.61%,36.36%,20.36%,4.39%,5.57%,0.00%,0.00%,6.70%
Great Grimsby and Cleethorpes,Con,Lab,"15,336",41.90%,"4,803",46.40%,"15,336","8,269","10,533","1,036","1,115",0,0,330,"36,619",41.88%,22.58%,28.76%,2.83%,3.04%,0.00%,0.00%,0.90%
Great Yarmouth,Con,Ref,"14,385",35.30%,"1,426",56.60%,"12,959","10,034","14,385","1,102","1,736",0,0,532,"40,748",31.80%,24.62%,35.30%,2.70%,4.26%,0.00%,0.00%,1.31%
Guildford,Con,LD,"22,937",47.50%,"8,429",68.30%,"3,931","14,508","4,395","22,937","2,268",0,0,255,"48,294",8.14%,30.04%,9.10%,47.49%,4.70%,0.00%,0.00%,0.53%
Hamble Valley,Con,Con,"19,671",36.40%,"4,802",67.10%,"8,753","19,671","8,216","14,869","2,310",0,0,185,"54,004",16.21%,36.43%,15.21%,27.53%,4.28%,0.00%,0.00%,0.34%
Harpenden and Berkhamsted,Con,LD,"27,282",50.20%,"10,708",75.00%,"4,061","16,574","4,245","27,282","1,951",0,0,223,"54,336",7.47%,30.50%,7.81%,50.21%,3.59%,0.00%,0.00%,0.41%
Harrogate and Knaresborough,Con,LD,"23,976",46.10%,"8,238",66.80%,"4,153","15,738","5,679","23,976","1,762",0,0,756,"52,064",7.98%,30.23%,10.91%,46.05%,3.38%,0.00%,0.00%,1.45%
Havant,Con,Con,"12,986",30.80%,92,58.20%,"12,894","12,986","9,959","3,275","2,861",0,0,211,"42,186",30.56%,30.78%,23.61%,7.76%,6.78%,0.00%,0.00%,0.50%
Hazel Grove,Con,LD,"17,328",37.70%,"12,235",64.00%,"10,828","9,011","6,955","17,328","1,763",0,0,113,"45,998",23.54%,19.59%,15.12%,37.67%,3.83%,0.00%,0.00%,0.25%
Henley and Thame,Con,LD,"23,904",45.00%,"6,267",72.10%,"3,574","17,637","5,213","23,904","2,008",0,0,821,"53,157",6.72%,33.18%,9.81%,44.97%,3.78%,0.00%,0.00%,1.54%
Hereford and South Herefordshire,Con,Con,"14,871",32.60%,"1,279",63.10%,"13,592","14,871","8,395","5,325","3,175",0,0,214,"45,572",29.83%,32.63%,18.42%,11.68%,6.97%,0.00%,0.00%,0.47%
Hexham,Con,Lab,"23,988",46.30%,"3,713",67.80%,"23,988","20,275",0,"2,376","2,467",0,0,"2,722","51,828",46.28%,39.12%,0.00%,4.58%,4.76%,0.00%,0.00%,5.25%
Hinckley and Bosworth,Con,Con,"17,032",35.60%,"5,408",62.50%,"8,601","17,032","8,817","11,624","1,514",0,0,211,"47,799",17.99%,35.63%,18.45%,24.32%,3.17%,0.00%,0.00%,0.44%
Holborn and St Pancras,Lab,Lab,"18,884",48.90%,"11,572",54.10%,"18,884","2,776","2,371","2,236","4,030",0,0,"8,185","38,482",49.07%,7.21%,6.16%,5.81%,10.47%,0.00%,0.00%,21.27%
Honiton and Sidmouth,Con,LD,"23,007",45.40%,"6,700",67.20%,"2,947","16,307","6,289","23,007","1,394",0,0,711,"50,655",5.82%,32.19%,12.42%,45.42%,2.75%,0.00%,0.00%,1.40%
Horsham,Con,LD,"21,632",39.00%,"2,517",70.10%,"5,979","19,115","6,116","21,632","2,137",0,0,520,"55,499",10.77%,34.44%,11.02%,38.98%,3.85%,0.00%,0.00%,0.94%
Ipswich,Con,Lab,"19,099",43.30%,"7,403",58.40%,"19,099","11,696","7,027","2,241","3,652",0,0,356,"44,071",43.34%,26.54%,15.94%,5.08%,8.29%,0.00%,0.00%,0.81%
Isle of Wight East,Con,Con,"10,427",30.60%,"3,323",61.00%,"6,264","10,427","7,104","3,550","6,313",0,0,420,"34,078",18.38%,30.60%,20.85%,10.42%,18.53%,0.00%,0.00%,1.23%
Isle of Wight West,Con,Lab,"13,240",38.60%,"3,117",61.90%,"13,240","10,063","5,834","2,726","2,310",0,0,117,"34,290",38.61%,29.35%,17.01%,7.95%,6.74%,0.00%,0.00%,0.34%
Islington North,Lab,Ind,"24,120",49.20%,"7,247",67.30%,"16,873","1,950","1,710","1,661","2,660",0,0,"24,152","49,006",34.43%,3.98%,3.49%,3.39%,5.43%,0.00%,0.00%,49.28%
Islington South and Finsbury,Lab,Lab,"22,946",53.70%,"15,455",57.70%,"22,946","3,584","3,388","4,045","7,491",0,0,"1,300","42,754",53.67%,8.38%,7.92%,9.46%,17.52%,0.00%,0.00%,3.04%
Kensington and Bayswater,Con,Lab,"17,025",40.60%,"2,903",54.20%,"17,025","14,122","2,514","2,910","2,732",0,0,"2,605","41,908",40.62%,33.70%,6.00%,6.94%,6.52%,0.00%,0.00%,6.22%
Kingston upon Hull East,Lab,Lab,"13,047",43.80%,"3,920",42.20%,"13,047","2,715","9,127","3,252","1,675",0,0,0,"29,816",43.76%,9.11%,30.61%,10.91%,5.62%,0.00%,0.00%,0.00%
Kingston upon Hull North and Cottingham,Lab,Lab,"18,480",48.30%,"10,769",50.80%,"18,480","4,897","7,801","3,246","2,322",0,0,"1,482","38,228",48.34%,12.81%,20.41%,8.49%,6.07%,0.00%,0.00%,3.88%
Kingston upon Hull West and Haltemprice,Lab,Lab,"17,875",46.80%,"8,979",52.10%,"17,875","6,924","8,896","2,625","1,748",0,0,110,"38,178",46.82%,18.14%,23.30%,6.88%,4.58%,0.00%,0.00%,0.29%
Knowsley,Lab,Lab,"24,243",67.30%,"18,319",50.00%,"24,243","1,496","5,924","1,232","2,772",0,0,380,"36,047",67.25%,4.15%,16.43%,3.42%,7.69%,0.00%,0.00%,1.05%
Leeds Central and Headingley,Lab,Lab,"15,853",50.20%,"8,422",44.80%,"15,853","2,237","2,399","2,611","7,431",0,0,"1,064","31,595",50.18%,7.08%,7.59%,8.26%,23.52%,0.00%,0.00%,3.37%
Leeds East,Lab,Lab,"18,610",47.20%,"11,265",51.70%,"18,610","6,898","7,345","1,445","3,506",0,0,"1,584","39,388",47.25%,17.51%,18.65%,3.67%,8.90%,0.00%,0.00%,4.02%
Leeds North East,Lab,Lab,"23,260",51.50%,"16,083",64.40%,"23,260","7,177","3,426","2,168","5,911",0,0,"3,225","45,167",51.50%,15.89%,7.59%,4.80%,13.09%,0.00%,0.00%,7.14%
Leeds North West,Lab,Lab,"22,882",46.00%,"11,896",69.50%,"22,882","10,986","5,935","5,641","3,231",0,0,"1,102","49,777",45.97%,22.07%,11.92%,11.33%,6.49%,0.00%,0.00%,2.21%
Leeds South,Lab,Lab,"17,117",54.00%,"11,279",41.70%,"17,117","4,172",0,"1,340","5,838",0,0,"3,211","31,678",54.03%,13.17%,0.00%,4.23%,18.43%,0.00%,0.00%,10.14%
Leeds South West and Morley,Lab,Lab,"17,681",44.00%,"8,423",56.00%,"17,681","9,258","8,187","1,798","2,522",0,0,743,"40,189",43.99%,23.04%,20.37%,4.47%,6.28%,0.00%,0.00%,1.85%
Leeds West and Pudsey,Lab,Lab,"18,976",49.30%,"12,392",54.90%,"18,976","6,584","6,281","1,743","3,794",0,0,"1,116","38,494",49.30%,17.10%,16.32%,4.53%,9.86%,0.00%,0.00%,2.90%
Leicester East,Lab,Con,"14,526",31.10%,"4,426",61.00%,"10,100","14,526","2,611","6,329","2,143",0,0,"11,005","46,714",21.62%,31.10%,5.59%,13.55%,4.59%,0.00%,0.00%,23.56%
Leicester South,Lab,Ind,"14,739",35.20%,979,59.00%,"13,760","4,820","2,470","1,425","3,826",0,0,"15,536","41,837",32.89%,11.52%,5.90%,3.41%,9.15%,0.00%,0.00%,37.13%
Leicester West,Lab,Lab,"15,798",44.60%,"8,777",47.80%,"15,798","7,021","5,666","2,179","4,089",0,0,644,"35,397",44.63%,19.84%,16.01%,6.16%,11.55%,0.00%,0.00%,1.82%
Lewes,Con,LD,"26,895",50.60%,"12,624",69.80%,"3,574","14,271","6,335","26,895","1,869",0,0,229,"53,173",6.72%,26.84%,11.91%,50.58%,3.51%,0.00%,0.00%,0.43%
Lewisham East,Lab,Lab,"23,646",58.20%,"18,073",55.40%,"23,646","4,401","3,469","2,471","5,573",0,0,"1,077","40,637",58.19%,10.83%,8.54%,6.08%,13.71%,0.00%,0.00%,2.65%
Lewisham North,Lab,Lab,"15,782",57.70%,"15,228",59.50%,"25,467","2,701","2,000","3,284","9,685",0,0,"1,030","44,167",57.66%,6.12%,4.53%,7.44%,21.93%,0.00%,0.00%,2.33%
Lewisham West and East Dulwich,Lab,Lab,"27,406",59.10%,"18,397",66.20%,"27,406","3,477","2,234","3,558","9,009",0,0,730,"46,414",59.05%,7.49%,4.81%,7.67%,19.41%,0.00%,0.00%,1.57%
Lincoln,Con,Lab,"18,470",43.80%,"8,793",56.40%,"18,470","9,677","7,602","2,580","2,751",0,0,"1,080","42,160",43.81%,22.95%,18.03%,6.12%,6.53%,0.00%,0.00%,2.56%
Liverpool Garston,Lab,Lab,"24,510",58.40%,"20,104",60.60%,"24,510","2,943","4,406","3,239","2,816",0,0,"4,078","41,992",58.37%,7.01%,10.49%,7.71%,6.71%,0.00%,0.00%,9.71%
Liverpool Riverside,Lab,Lab,"20,039",61.90%,"14,793",45.40%,"20,039","1,155","3,272","1,544","5,246",0,0,"1,125","32,381",61.89%,3.57%,10.10%,4.77%,16.20%,0.00%,0.00%,3.47%
Liverpool Walton,Lab,Lab,"26,032",70.60%,"20,245",53.20%,"26,032","1,282","5,787",945,"2,388",0,0,452,"36,886",70.57%,3.48%,15.69%,2.56%,6.47%,0.00%,0.00%,1.23%
Liverpool Wavertree,Lab,Lab,"23,077",58.00%,"16,304",56.40%,"23,077","1,887","3,454","2,759","6,773",0,0,"1,865","39,815",57.96%,4.74%,8.68%,6.93%,17.01%,0.00%,0.00%,4.68%
Liverpool West Derby,Lab,Lab,"25,302",66.60%,"20,423",54.40%,"25,302","1,566","4,879","1,276","2,647",0,0,"2,336","38,006",66.57%,4.12%,12.84%,3.36%,6.96%,0.00%,0.00%,6.15%
Louth and Horncastle,Con,Con,"17,441",37.50%,"5,506",60.50%,"10,475","17,441","11,935","2,364","2,504",0,0,"1,760","46,479",22.54%,37.52%,25.68%,5.09%,5.39%,0.00%,0.00%,3.79%
Loughborough,Con,Lab,"17,249",40.80%,"4,960",61.30%,"17,249","12,289","7,204","2,561","2,956",0,0,0,"42,259",40.82%,29.08%,17.05%,6.06%,6.99%,0.00%,0.00%,0.00%
Lowestoft,Con,Lab,"14,464",34.60%,"2,016",56.30%,"14,464","12,448","10,328","1,489","3,095",0,0,0,"41,824",34.58%,29.76%,24.69%,3.56%,7.40%,0.00%,0.00%,0.00%
Maidenhead,Con,LD,"21,895",43.50%,"2,963",67.00%,"5,766","18,932",0,"21,895","1,996",0,0,"1,740","50,329",11.46%,37.62%,0.00%,43.50%,3.97%,0.00%,0.00%,3.46%
Manchester Central,Lab,Lab,"20,184",50.80%,"13,797",46.70%,"20,184","2,823","4,760","3,051","6,387",0,0,"2,520","39,725",50.81%,7.11%,11.98%,7.68%,16.08%,0.00%,0.00%,6.34%
Manchester Rusholme,Lab,Lab,"15,054",51.90%,"8,235",40.00%,"15,054","1,678","1,313",0,"6,819",0,0,509,"25,373",59.33%,6.61%,5.17%,0.00%,26.88%,0.00%,0.00%,2.01%
Manchester Withington,Lab,Lab,"22,066",52.90%,"13,982",59.20%,"22,066","2,280","1,961","5,412","8,084",0,0,"1,928","41,731",52.88%,5.46%,4.70%,12.97%,19.37%,0.00%,0.00%,4.62%
Melksham and Devizes,Con,LD,"20,031",39.10%,"2,401",69.80%,"4,597","17,630","6,726","20,031","2,239",0,0,0,"51,223",8.97%,34.42%,13.13%,39.11%,4.37%,0.00%,0.00%,0.00%
Mid Dorset and North Poole,Con,LD,"21,442",43.30%,"1,352",66.80%,"4,566","20,090",0,"21,442","2,355",0,0,"1,061","49,514",9.22%,40.57%,0.00%,43.30%,4.76%,0.00%,0.00%,2.14%
Mid Leicestershire,Con,Con,"17,735",36.90%,"2,201",63.30%,"15,534","17,735","8,923","2,444","3,414",0,0,0,"48,050",32.33%,36.91%,18.57%,5.09%,7.11%,0.00%,0.00%,0.00%
Mid Norfolk,Con,Con,"16,770",36.50%,"3,054",67.00%,"13,716","16,770","9,427","3,126","2,858",0,0,0,"45,897",29.88%,36.54%,20.54%,6.81%,6.23%,0.00%,0.00%,0.00%
Mid Sussex,Con,LD,"21,136",39.60%,"6,662",70.20%,"9,397","14,474","5,921","21,136","2,048",0,0,352,"53,328",17.62%,27.14%,11.10%,39.63%,3.84%,0.00%,0.00%,0.66%
New Forest East,Con,Con,"17,412",38.50%,"8,495",61.50%,"8,917","17,412","7,646","7,198","3,118",0,0,939,"45,230",19.71%,38.50%,16.90%,15.91%,6.89%,0.00%,0.00%,2.08%
New Forest West,Con,Con,"16,412",35.40%,"5,600",65.40%,"10,812","16,412","7,577","8,186","2,800",0,0,550,"46,337",23.33%,35.42%,16.35%,17.67%,6.04%,0.00%,0.00%,1.19%
Newark,Con,Con,"20,968",39.20%,"3,572",67.00%,"17,396","20,968","8,280","3,026","2,345",0,0,"1,444","53,459",32.54%,39.22%,15.49%,5.66%,4.39%,0.00%,0.00%,2.70%
Newton Abbot,Con,LD,"15,201",31.70%,"2,246",65.00%,"7,115","12,955","8,494","15,201","2,083",0,0,"2,144","47,992",14.83%,26.99%,17.70%,31.67%,4.34%,0.00%,0.00%,4.47%
North Cornwall,Con,LD,"24,904",47.80%,"10,767",67.80%,"2,958","14,137","8,444","24,904","1,335",0,0,277,"52,055",5.68%,27.16%,16.22%,47.84%,2.56%,0.00%,0.00%,0.53%
North Cotswolds,Con,Con,"17,426",34.70%,"3,357",69.80%,"8,593","17,426","6,502","14,069","3,191",0,0,448,"50,229",17.11%,34.69%,12.94%,28.01%,6.35%,0.00%,0.00%,0.89%
North Devon,Con,LD,"21,820",42.40%,"6,744",70.40%,"3,216","15,076","8,137","21,820","2,348",0,0,820,"51,417",6.25%,29.32%,15.83%,42.44%,4.57%,0.00%,0.00%,1.59%
North Dorset,Con,Con,"18,208",36.60%,"1,589",68.40%,"4,730","18,208","7,894","16,619","2,082",0,0,510,"50,043",9.45%,36.38%,15.77%,33.21%,4.16%,0.00%,0.00%,1.02%
North Herefordshire,Con,Grn,"21,736",43.20%,"5,894",71.70%,"3,205","15,842","8,048","1,436","21,736",0,0,95,"50,362",6.36%,31.46%,15.98%,2.85%,43.16%,0.00%,0.00%,0.19%
North Norfolk,Con,LD,"19,488",41.40%,"2,585",66.70%,"2,878","16,903","6,368","19,488","1,406",0,0,0,"47,043",6.12%,35.93%,13.54%,41.43%,2.99%,0.00%,0.00%,0.00%
North Northumberland,Con,Con,"17,855",36.60%,"5,067",65.90%,"17,855","12,788","7,688","5,169","1,743",0,0,"3,600","48,843",36.56%,26.18%,15.74%,10.58%,3.57%,0.00%,0.00%,7.37%
North Shropshire,Con,LD,"26,214",52.90%,"15,311",63.90%,"3,423","10,903","7,687","26,214","1,234",0,0,133,"49,594",6.90%,21.98%,15.50%,52.86%,2.49%,0.00%,0.00%,0.27%
North West Hampshire,Con,Con,"17,770",35.00%,"3,288",66.70%,"14,482","17,770","7,734","7,626","2,745",0,0,466,"50,823",28.49%,34.96%,15.22%,15.01%,5.40%,0.00%,0.00%,0.92%
North West Norfolk,Con,Con,"16,097",36.10%,"4,954",59.90%,"11,143","16,097","8,697","6,492","2,137",0,0,0,"44,566",25.00%,36.12%,19.51%,14.57%,4.80%,0.00%,0.00%,0.00%
Norwich North,Con,Lab,"20,794",45.40%,"10,850",60.40%,"20,794","9,944","8,229","2,073","4,372",0,0,353,"45,765",45.44%,21.73%,17.98%,4.53%,9.55%,0.00%,0.00%,0.77%
Norwich South,Lab,Lab,"21,484",47.60%,"13,239",59.00%,"21,484","5,806","5,227","3,577","8,245",0,0,756,"45,095",47.64%,12.88%,11.59%,7.93%,18.28%,0.00%,0.00%,1.68%
Nottingham East,Lab,Lab,"19,494",53.60%,"15,162",52.50%,"19,494","3,925","3,578","1,741","4,332",0,0,"3,291","36,361",53.61%,10.79%,9.84%,4.79%,11.91%,0.00%,0.00%,9.05%
Nottingham North and Kimberley,Lab,Lab,"16,480",47.10%,"9,427",47.50%,"16,480","6,787","7,053","1,336","3,351",0,0,0,"35,007",47.08%,19.39%,20.15%,3.82%,9.57%,0.00%,0.00%,0.00%
Nottingham South,Lab,Lab,"15,579",47.40%,"10,294",51.20%,"15,579","5,285","4,936","2,059","2,923",0,0,"2,097","32,879",47.38%,16.07%,15.01%,6.26%,8.89%,0.00%,0.00%,6.38%
Oxford East,Lab,Lab,"19,541",49.70%,"14,465",54.80%,"19,541","4,739",0,"3,437","5,076",0,0,"6,548","39,341",49.67%,12.05%,0.00%,8.74%,12.90%,0.00%,0.00%,16.64%
Oxford West and Abingdon,LD,LD,"23,414",50.90%,"14,894",64.50%,"5,981","8,520","4,164","23,414","3,236",0,0,683,"45,998",13.00%,18.52%,9.05%,50.90%,7.04%,0.00%,0.00%,1.48%
Peckham,Lab,Lab,"22,813",58.80%,"15,228",53.80%,"22,813","2,276","1,790","2,724","7,585",0,0,"1,456","38,644",59.03%,5.89%,4.63%,7.05%,19.63%,0.00%,0.00%,3.77%
Penrith and Solway,Con,Lab,"19,986",40.60%,"5,257",63.20%,"19,986","14,729","7,624","4,742","1,730",0,0,470,"49,281",40.56%,29.89%,15.47%,9.62%,3.51%,0.00%,0.00%,0.95%
Plymouth Moor View,Con,Lab,"17,665",41.20%,"5,604",57.40%,"17,665","12,061","9,670","1,766","1,694",0,0,0,"42,856",41.22%,28.14%,22.56%,4.12%,3.95%,0.00%,0.00%,0.00%
Plymouth Sutton and Devonport,Lab,Lab,"20,795",49.40%,"13,328",55.90%,"20,795","6,873","7,467","2,441","3,186",0,0,"1,333","42,095",49.40%,16.33%,17.74%,5.80%,7.57%,0.00%,0.00%,3.17%
Portsmouth North,Con,Lab,"14,495",34.80%,780,58.10%,"14,495","13,715","8,501","3,031","1,851",0,0,0,"41,593",34.85%,32.97%,20.44%,7.29%,4.45%,0.00%,0.00%,0.00%
Portsmouth South,Lab,Lab,"18,857",48.40%,"13,155",52.50%,"18,857","5,643","5,702","4,886","3,107",0,0,733,"38,928",48.44%,14.50%,14.65%,12.55%,7.98%,0.00%,0.00%,1.88%
Richmond and Northallerton,Con,Con,"23,059",47.50%,"12,185",65.80%,"10,874","23,059","7,142","4,322","2,058",0,0,"1,071","48,526",22.41%,47.52%,14.72%,8.91%,4.24%,0.00%,0.00%,2.21%
Richmond Park,LD,LD,"28,528",55.40%,"17,155",75.70%,"5,048","11,373","3,258","28,528","2,728",0,0,582,"51,517",9.80%,22.08%,6.32%,55.38%,5.30%,0.00%,0.00%,1.13%
Romsey and Southampton North,Con,Con,"19,893",39.80%,"2,191",69.60%,"4,640","19,893","5,716","17,702","1,893",0,0,183,"50,027",9.27%,39.76%,11.43%,35.38%,3.78%,0.00%,0.00%,0.37%
Rushcliffe,Con,Lab,"25,291",43.60%,"7,426",73.00%,"25,291","17,865","6,353","3,133","4,367",0,0,735,"57,744",43.80%,30.94%,11.00%,5.43%,7.56%,0.00%,0.00%,1.27%
Salisbury,Con,Con,"17,110",34.10%,"3,807",69.90%,"13,303","17,110","5,235","11,825","2,115",0,0,585,"50,173",26.51%,34.10%,10.43%,23.57%,4.22%,0.00%,0.00%,1.17%
Scarborough and Whitby,Con,Lab,"17,758",40.20%,"5,408",59.30%,"17,758","12,350","9,657","1,899","1,719",0,0,838,"44,221",40.16%,27.93%,21.84%,4.29%,3.89%,0.00%,0.00%,1.90%
Scunthorpe,Con,Lab,"15,484",39.70%,"3,542",52.60%,"15,484","11,942","8,163",942,"1,218",0,0,"1,302","39,051",39.65%,30.58%,20.90%,2.41%,3.12%,0.00%,0.00%,3.33%
Selby,Con,Lab,"22,788",46.30%,"10,195",63.10%,"22,788","12,593","9,565","1,792","2,484",0,0,0,"49,222",46.30%,25.58%,19.43%,3.64%,5.05%,0.00%,0.00%,0.00%
Sheffield Brightside and Hillsborough,Lab,Lab,"16,301",51.60%,"11,600",44.90%,"16,301","4,069",0,"1,694","4,701",0,0,"4,847","31,612",51.57%,12.87%,0.00%,5.36%,14.87%,0.00%,0.00%,15.33%
Sheffield Central,Lab,Lab,"16,569",52.10%,"8,286",52.50%,"16,569","2,339",0,"2,174","8,283",0,0,"2,438","31,803",52.10%,7.35%,0.00%,6.84%,26.04%,0.00%,0.00%,7.67%
Sheffield Hallam,Lab,Lab,"23,875",46.30%,"8,189",70.70%,"23,875","6,205",0,"15,686","4,491",0,0,"1,344","51,601",46.27%,12.02%,0.00%,30.40%,8.70%,0.00%,0.00%,2.60%
Sheffield Heeley,Lab,Lab,"21,230",55.20%,"15,304",52.40%,"21,230","5,242",0,"3,863","5,926",0,0,"2,185","38,446",55.22%,13.63%,0.00%,10.05%,15.41%,0.00%,0.00%,5.68%
Sheffield South East,Lab,Lab,"18,710",52.30%,"12,458",48.20%,"18,710","6,252",0,"3,421","3,158",0,0,"4,230","35,771",52.30%,17.48%,0.00%,9.56%,8.83%,0.00%,0.00%,11.83%
Sherwood Forest,Con,Lab,"18,841",38.70%,"5,443",61.80%,"18,841","13,398","11,320","1,838","2,216",0,0,"1,047","48,660",38.72%,27.53%,23.26%,3.78%,4.55%,0.00%,0.00%,2.15%
Skipton and Ripon,Con,Con,"18,833",35.20%,"1,650",67.40%,"17,183","18,833","8,516","4,194","3,446",0,0,"1,278","53,450",32.15%,35.23%,15.93%,7.85%,6.45%,0.00%,0.00%,2.39%
Sleaford and North Hykeham,Con,Con,"17,348",35.70%,"4,346",64.10%,"13,002","17,348","10,484","2,264","2,435",0,0,"3,032","48,565",26.77%,35.72%,21.59%,4.66%,5.01%,0.00%,0.00%,6.24%
South Basildon and East Thurrock,Con,Ref,"12,178",30.80%,98,52.80%,"12,080","10,159","12,178","1,071","1,718",0,0,415,"37,621",32.11%,27.00%,32.37%,2.85%,4.57%,0.00%,0.00%,1.10%
South Cambridgeshire,Con,LD,"25,704",46.80%,"10,641",61.00%,"6,106","15,063","4,897","25,704","2,656",0,0,459,"54,885",11.13%,27.44%,8.92%,46.83%,4.84%,0.00%,0.00%,0.84%
South Cotswolds,Con,LD,"22,961",43.90%,"4,973",71.60%,"3,942","17,988","5,146","22,961","1,564",0,0,686,"52,287",7.54%,34.40%,9.84%,43.91%,2.99%,0.00%,0.00%,1.31%
South Devon,Con,LD,"22,540",46.00%,"7,127",69.30%,"3,066","15,413","6,363","22,540","1,497",0,0,125,"49,004",6.26%,31.45%,12.98%,46.00%,3.05%,0.00%,0.00%,0.26%
South Dorset,Con,Lab,"15,659",31.90%,"1,048",64.60%,"15,659","14,611","8,168","8,017","2,153",0,0,429,"49,037",31.93%,29.80%,16.66%,16.35%,4.39%,0.00%,0.00%,0.87%
South East Cornwall,Con,Lab,"15,670",31.80%,"1,911",67.80%,"15,670","13,759","9,311","8,284","1,999",0,0,263,"49,286",31.79%,27.92%,18.89%,16.81%,4.06%,0.00%,0.00%,0.53%
South Holland and The Deepings,Con,Con,"17,462",38.00%,"6,856",60.40%,"9,086","17,462","10,606","1,945","1,800",0,0,"5,031","45,930",19.78%,38.02%,23.09%,4.23%,3.92%,0.00%,0.00%,10.95%
South Norfolk,Con,Lab,"17,353",35.00%,"2,826",66.90%,"17,353","14,527","7,583","5,746","3,987",0,0,383,"49,579",35.00%,29.30%,15.29%,11.59%,8.04%,0.00%,0.00%,0.77%
South Suffolk,Con,Con,"16,082",33.00%,"3,047",65.70%,"13,035","16,082","9,252","6,424","4,008",0,0,0,"48,801",26.71%,32.95%,18.96%,13.16%,8.21%,0.00%,0.00%,0.00%
South West Devon,Con,Con,"17,916",34.30%,"2,112",66.50%,"15,804","17,916","9,361","5,551","2,925",0,0,685,"52,242",30.25%,34.29%,17.92%,10.63%,5.60%,0.00%,0.00%,1.31%
South West Norfolk,Con,Lab,"11,847",26.70%,630,59.90%,"11,847","11,217","9,958","2,618","1,838",0,0,"6,857","44,335",26.72%,25.30%,22.46%,5.91%,4.15%,0.00%,0.00%,15.47%
Southampton Itchen,Con,Lab,"15,782",41.50%,"6,105",52.60%,"15,782","9,677","6,853","2,684","2,793",0,0,264,"38,053",41.47%,25.43%,18.01%,7.05%,7.34%,0.00%,0.00%,0.69%
Southampton Test,Lab,Lab,"15,945",44.50%,"9,333",51.10%,"15,945","6,612","5,261","3,252","3,594",0,0,"1,141","35,805",44.53%,18.47%,14.69%,9.08%,10.04%,0.00%,0.00%,3.19%
Southgate and Wood Green,Lab,Lab,"23,337",51.10%,"12,736",58.90%,"23,337","8,037","3,147","3,925","5,607",0,0,"1,618","45,671",51.10%,17.60%,6.89%,8.59%,12.28%,0.00%,0.00%,3.54%
Spen Valley,Lab,Lab,"16,076",39.20%,"6,188",56.50%,"16,076","9,859","9,888","1,425","2,284",0,0,"1,526","41,058",39.15%,24.01%,24.08%,3.47%,5.56%,0.00%,0.00%,3.72%
St Albans,LD,LD,"29,222",56.60%,"19,834",71.00%,"5,189","9,388","4,336","29,222","3,272",0,0,207,"51,614",10.05%,18.19%,8.40%,56.62%,6.34%,0.00%,0.00%,0.40%
St Austell and Newquay,Con,Lab,"15,958",34.10%,"2,470",61.40%,"15,958","13,488","9,212","4,805","2,337",0,0,932,"46,732",34.15%,28.86%,19.71%,10.28%,5.00%,0.00%,0.00%,1.99%
St Helens North,Lab,Lab,"21,284",52.60%,"12,169",53.50%,"21,284","4,507","9,115","1,799","3,495",0,0,274,"40,474",52.59%,11.14%,22.52%,4.44%,8.64%,0.00%,0.00%,0.68%
St Helens South and Whiston,Lab,Lab,"18,919",49.70%,"11,945",53.10%,"18,919","3,057","6,974","2,199","2,642",0,0,"4,244","38,035",49.74%,8.04%,18.34%,5.78%,6.95%,0.00%,0.00%,11.16%
St Ives,Con,LD,"25,033",52.00%,"13,786",68.70%,"2,788","11,247","6,492","25,033","1,797",0,0,749,"48,106",5.80%,23.38%,13.50%,52.04%,3.74%,0.00%,0.00%,1.56%
St Neots and Mid Cambridgeshire,Con,LD,"19,517",36.90%,"4,648",67.70%,"6,918","14,869","5,673","19,517","2,663",0,0,"3,215","52,855",13.09%,28.13%,10.73%,36.93%,5.04%,0.00%,0.00%,6.08%
Stockport,Lab,Lab,"21,787",49.90%,"15,270",57.10%,"21,787","4,967","6,517","3,724","4,865",0,0,"1,823","43,683",49.88%,11.37%,14.92%,8.53%,11.14%,0.00%,0.00%,4.17%
Stratford and Bow,Lab,Lab,"19,145",44.10%,"11,634",54.20%,"19,145","3,114","2,093","1,926","7,511",0,0,"9,646","43,435",44.08%,7.17%,4.82%,4.43%,17.29%,0.00%,0.00%,22.21%
Stratford-on-Avon,Con,LD,"23,450",44.30%,"7,122",71.50%,"3,753","16,328","7,753","23,450","1,197",0,0,478,"52,959",7.09%,30.83%,14.64%,44.28%,2.26%,0.00%,0.00%,0.90%
Suffolk Coastal,Con,Lab,"15,672",31.70%,"1,070",66.60%,"15,672","14,602","7,850","6,947","4,380",0,0,0,"49,451",31.69%,29.53%,15.87%,14.05%,8.86%,0.00%,0.00%,0.00%
Surrey Heath,Con,LD,"21,387",44.80%,"5,640",66.60%,"3,148","15,747","6,252","21,387","1,162",0,0,92,"47,788",6.59%,32.95%,13.08%,44.75%,2.43%,0.00%,0.00%,0.19%
Sutton and Cheam,Con,LD,"17,576",36.90%,"3,801",65.80%,"8,430","13,775","5,787","17,576","1,721",0,0,317,"47,606",17.71%,28.94%,12.16%,36.92%,3.62%,0.00%,0.00%,0.67%
Swindon North,Con,Lab,"17,930",40.60%,"4,103",60.30%,"17,930","13,827","7,557","2,086","2,366",0,0,399,"44,165",40.60%,31.31%,17.11%,4.72%,5.36%,0.00%,0.00%,0.90%
Swindon South,Con,Lab,"21,676",48.40%,"9,606",61.70%,"21,676","12,070","6,194","1,843","2,539",0,0,472,"44,794",48.39%,26.95%,13.83%,4.11%,5.67%,0.00%,0.00%,1.05%
Tatton,Con,Con,"19,956",38.40%,"1,136",68.30%,"18,820","19,956","5,948","4,614","2,571",0,0,0,"51,909",36.26%,38.44%,11.46%,8.89%,4.95%,0.00%,0.00%,0.00%
Taunton and Wellington,Con,LD,"24,331",48.40%,"11,939",64.40%,"3,552","12,392","8,053","24,331","1,832",0,0,134,"50,294",7.06%,24.64%,16.01%,48.38%,3.64%,0.00%,0.00%,0.27%
Tewkesbury,Con,LD,"20,730",42.70%,"6,262",66.10%,"4,298","14,468","6,000","20,730","2,873",0,0,170,"48,539",8.85%,29.81%,12.36%,42.71%,5.92%,0.00%,0.00%,0.35%
Thirsk and Malton,Con,Con,"19,544",39.20%,"7,550",63.50%,"11,994","19,544","8,963","5,379","2,986",0,0,931,"49,797",24.09%,39.25%,18.00%,10.80%,6.00%,0.00%,0.00%,1.87%
Tiverton and Minehead,Con,LD,"18,326",38.60%,"3,507",66.10%,"4,325","14,819","7,787","18,326","2,234",0,0,0,"47,491",9.11%,31.20%,16.40%,38.59%,4.70%,0.00%,0.00%,0.00%
Torbay,Con,LD,"18,937",41.10%,"5,349",60.50%,"3,276","13,588","8,660","18,937","1,420",0,0,234,"46,115",7.10%,29.47%,18.78%,41.06%,3.08%,0.00%,0.00%,0.51%
Torridge and Tavistock,Con,Con,"16,049",31.60%,"3,950",68.00%,"10,765","16,049","9,152","12,099","2,350",0,0,405,"50,820",21.18%,31.58%,18.01%,23.81%,4.62%,0.00%,0.00%,0.80%
Truro and Falmouth,Con,Lab,"20,783",41.40%,"8,151",68.80%,"20,783","12,632","6,163","6,552","3,470",0,0,664,"50,264",41.35%,25.13%,12.26%,13.04%,6.90%,0.00%,0.00%,1.32%
Twickenham,LD,LD,"30,185",56.30%,"21,457",71.50%,"6,693","8,728","4,092","30,185","3,590",0,0,347,"53,635",12.48%,16.27%,7.63%,56.28%,6.69%,0.00%,0.00%,0.65%
Vauxhall and Camberwell Green,Lab,Lab,"21,528",57.40%,"15,112",53.90%,"21,528","2,809","2,033","4,549","6,416",0,0,201,"37,536",57.35%,7.48%,5.42%,12.12%,17.09%,0.00%,0.00%,0.54%
Wakefield and Rothwell,Con,Lab,"17,773",43.70%,"9,346",63.10%,"17,773","7,322","8,427","3,249","2,389",0,0,"1,496","40,656",43.72%,18.01%,20.73%,7.99%,5.88%,0.00%,0.00%,3.68%
Warrington North,Lab,Lab,"18,730",46.80%,"9,190",57.30%,"18,730","6,486","9,540","2,737","1,889",0,0,659,"40,041",46.78%,16.20%,23.83%,6.84%,4.72%,0.00%,0.00%,1.65%
Warrington South,Con,Lab,"23,201",46.70%,"11,340",64.20%,"23,201","11,861","7,913","3,829","2,313",0,0,555,"49,672",46.71%,23.88%,15.93%,7.71%,4.66%,0.00%,0.00%,1.12%
Washington and Gateshead South,Lab,Lab,"17,682",47.80%,"6,913",52.20%,"17,682","4,654","10,769","1,602","1,687",0,0,627,"37,021",47.76%,12.57%,29.09%,4.33%,4.56%,0.00%,0.00%,1.69%
Waveney Valley,Con,Grn,"20,467",41.70%,"5,593",76.20%,"4,621","14,874","7,779","1,214","20,467",0,0,118,"49,073",9.42%,30.31%,15.85%,2.47%,41.71%,0.00%,0.00%,0.24%
West Dorset,Con,LD,"26,999",50.70%,"7,789",69.80%,"3,086","19,210",0,"26,999","2,288",0,0,"1,022","52,605",5.87%,36.52%,0.00%,51.32%,4.35%,0.00%,0.00%,1.94%
West Ham and Beckton,Lab,Lab,"16,434",45.20%,"9,254",46.10%,"16,434","3,781","2,800","1,606","3,897",0,0,"7,830","36,348",45.21%,10.40%,7.70%,4.42%,10.72%,0.00%,0.00%,21.54%
West Suffolk,Con,Con,"15,814",34.30%,"3,247",60.00%,"12,567","15,814","9,623","4,284","2,910",0,0,963,"46,161",27.22%,34.26%,20.85%,9.28%,6.30%,0.00%,0.00%,2.09%
Westmorland and Lonsdale,Con,LD,"31,061",62.70%,"21,472",68.80%,"2,306","9,589","4,842","31,061","1,486",0,0,249,"49,533",4.66%,19.36%,9.78%,62.71%,3.00%,0.00%,0.00%,0.50%
Wetherby and Easingwold,Con,Con,"20,597",39.40%,"4,846",70.30%,"15,751","20,597","7,288","3,351","4,529",0,0,743,"52,259",30.14%,39.41%,13.95%,6.41%,8.67%,0.00%,0.00%,1.42%
Whitehaven and Workington,Con,Lab,"22,173",52.90%,"13,286",57.30%,"22,173","8,455","8,887","1,189","1,207",0,0,0,"41,911",52.90%,20.17%,21.20%,2.84%,2.88%,0.00%,0.00%,0.00%
Widnes and Halewood,Lab,Lab,"23,484",61.60%,"16,425",53.00%,"23,484","3,507","7,059","1,593","2,058",0,0,415,"38,116",61.61%,9.20%,18.52%,4.18%,5.40%,0.00%,0.00%,1.09%
Wimbledon,Con,LD,"24,790",45.10%,"12,610",72.00%,"11,733","12,180","3,221","24,790","2,442",0,0,619,"54,985",21.34%,22.15%,5.86%,45.09%,4.44%,0.00%,0.00%,1.13%
Witney,Con,LD,"20,832",41.20%,"4,339",67.00%,"4,773","16,493","6,307","20,832","1,661",0,0,518,"50,584",9.44%,32.61%,12.47%,41.18%,3.28%,0.00%,0.00%,1.02%
Woking,Con,LD,"24,019",49.90%,"11,246",66.00%,"4,444","12,773","4,888","24,019","1,853",0,0,168,"48,145",9.23%,26.53%,10.15%,49.89%,3.85%,0.00%,0.00%,0.35%
Wokingham,Con,LD,"25,743",47.70%,"8,345",72.00%,"3,631","17,398","5,274","25,743","1,953",0,0,0,"53,999",6.72%,32.22%,9.77%,47.67%,3.62%,0.00%,0.00%,0.00%
Wythenshawe and Sale East,Lab,Lab,"20,596",52.60%,"14,610",50.30%,"20,596","5,392","5,986","1,985","4,133",0,0,"1,040","39,132",52.63%,13.78%,15.30%,5.07%,10.56%,0.00%,0.00%,2.66%
Yeovil,Con,LD,"23,765",48.50%,"12,286",61.40%,"3,002","11,497","7,677","23,765","2,403",0,0,608,"48,952",6.13%,23.49%,15.68%,48.55%,4.91%,0.00%,0.00%,1.24%
York Central,Lab,Lab,"24,537",56.60%,"19,154",54.50%,"24,537","5,383","4,721","3,051","5,185",0,0,446,"43,323",56.64%,12.43%,10.90%,7.04%,11.97%,0.00%,0.00%,1.03%
York Outer,Con,Lab,"23,161",45.30%,"9,391",67.00%,"23,161","13,770","5,912","5,496","2,212",0,0,555,"51,106",45.32%,26.94%,11.57%,10.75%,4.33%,0.00%,0.00%,1.09%
Aberdeen North,SNP,SNP,"14,552",34.50%,"1,779",55.50%,"12,773","5,881","3,781","2,583","1,275","14,552",0,"1,269","42,114",30.33%,13.96%,8.98%,6.13%,3.03%,34.55%,0.00%,3.01%
Aberdeen South,SNP,SNP,"15,213",32.80%,"3,758",59.90%,"11,455","11,300","3,199","2,921","1,609","15,213",0,648,"46,345",24.72%,24.38%,6.90%,6.30%,3.47%,32.83%,0.00%,1.40%
Aberdeenshire North and Moray East,Con,SNP,"13,455",35.20%,942,54.50%,"3,876","12,513","5,562","2,782",0,"13,455",0,0,"38,188",10.15%,32.77%,14.56%,7.29%,0.00%,35.23%,0.00%,0.00%
Airdrie and Shotts,SNP,Lab,"18,871",51.50%,"7,547",52.20%,"18,871","1,696","2,971",725,0,"11,324",0,"1,079","36,666",51.47%,4.63%,8.10%,1.98%,0.00%,30.88%,0.00%,2.94%
Alloa and Grangemouth,SNP,Lab,"18,039",43.80%,"6,122",58.30%,"18,039","3,127","3,804","1,151","1,421","11,917",0,"1,742","41,201",43.78%,7.59%,9.23%,2.79%,3.45%,28.92%,0.00%,4.23%
Angus and Perthshire Glens,SNP,SNP,"19,142",40.40%,"4,870",61.80%,"6,799","14,272","3,246","3,156",0,"19,142",0,733,"47,348",14.36%,30.14%,6.86%,6.67%,0.00%,40.43%,0.00%,1.55%
Arbroath and Broughty Ferry,SNP,SNP,"15,581",35.30%,859,58.00%,"14,722","6,841","3,800","2,249",0,"15,581",0,924,"44,117",33.37%,15.51%,8.61%,5.10%,0.00%,35.32%,0.00%,2.09%
"Argyll, Bute and South Lochaber",SNP,SNP,"15,582",34.70%,"6,232",62.80%,"8,585","9,350","3,045","7,359",0,"15,582",0,941,"44,862",19.14%,20.84%,6.79%,16.40%,0.00%,34.73%,0.00%,2.10%
"Ayr, Carrick and Cumnock",SNP,Lab,"14,930",36.50%,"4,154",58.20%,"14,930","9,247","3,544","1,081",886,"10,776",0,472,"40,936",36.47%,22.59%,8.66%,2.64%,2.16%,26.32%,0.00%,1.15%
Bathgate and Linlithgow,SNP,Lab,"19,774",47.00%,"8,323",58.30%,"19,774","3,144","3,524","2,171","1,390","11,451",0,611,"42,065",47.01%,7.47%,8.38%,5.16%,3.30%,27.22%,0.00%,1.45%
"Berwickshire, Roxburgh and Selkirk",Con,Con,"18,872",40.50%,"6,599",61.00%,"6,311","18,872","3,340","3,686","1,526","12,273",0,550,"46,558",13.56%,40.53%,7.17%,7.92%,3.28%,26.36%,0.00%,1.18%
"Caithness, Sutherland and Easter Ross",LD,LD,"22,736",49.40%,"10,489",61.90%,"3,409","1,860","3,360","22,736","1,641","12,247",0,795,"46,048",7.40%,4.04%,7.30%,49.37%,3.56%,26.60%,0.00%,1.73%
Central Ayrshire,SNP,Lab,"18,091",43.70%,"6,869",60.00%,"18,091","6,147","3,420",983,"1,039","11,222",0,517,"41,419",43.68%,14.84%,8.26%,2.37%,2.51%,27.09%,0.00%,1.25%
Coatbridge and Bellshill,SNP,Lab,"19,291",49.80%,"6,344",53.30%,"19,291","1,382","2,601",671,"1,229","12,947",0,610,"38,731",49.81%,3.57%,6.72%,1.73%,3.17%,33.43%,0.00%,1.57%
Cowdenbeath and Kirkcaldy,SNP,Lab,"18,662",45.70%,"7,248",57.00%,"18,662","3,203","3,128","1,593","1,556","11,414",0,"1,258","40,814",45.72%,7.85%,7.66%,3.90%,3.81%,27.97%,0.00%,3.08%
Cumbernauld and Kirkintilloch,SNP,Lab,"18,513",45.20%,"4,144",58.20%,"18,513","1,939","3,167","1,294","1,694","14,369",0,0,"40,976",45.18%,4.73%,7.73%,3.16%,4.13%,35.07%,0.00%,0.00%
Dumfries and Galloway,Con,Con,"13,527",29.60%,930,58.30%,"11,767","13,527","4,313","2,092","1,249","12,597",0,230,"45,775",25.71%,29.55%,9.42%,4.57%,2.73%,27.52%,0.00%,0.50%
"Dumfriesshire, Clydesdale and Tweeddale",Con,Con,"14,999",33.90%,"4,242",61.50%,"10,140","14,999","3,822","2,800","1,448","10,757",0,208,"44,174",22.95%,33.95%,8.65%,6.34%,3.28%,24.35%,0.00%,0.47%
Dundee Central,SNP,SNP,"15,544",40.00%,675,52.00%,"14,869","1,569","2,363","2,402",0,"15,544",0,"2,101","38,848",38.27%,4.04%,6.08%,6.18%,0.00%,40.01%,0.00%,5.41%
Dunfermline and Dollar,SNP,Lab,"20,336",45.70%,"8,241",61.00%,"20,336","3,297","2,887","3,181","2,078","12,095",0,663,"44,537",45.66%,7.40%,6.48%,7.14%,4.67%,27.16%,0.00%,1.49%
East Kilbride and Strathaven,SNP,Lab,"22,682",48.60%,"9,057",61.00%,"22,682","3,547","3,377","1,074","1,811","13,625",0,591,"46,707",48.56%,7.59%,7.23%,2.30%,3.88%,29.17%,0.00%,1.27%
East Renfrewshire,SNP,Lab,"21,935",43.70%,"8,421",68.40%,"21,935","8,494","2,360","1,150","1,510","13,514",0,"1,364","50,327",43.58%,16.88%,4.69%,2.29%,3.00%,26.85%,0.00%,2.71%
Edinburgh East and Musselburgh,SNP,Lab,"18,790",41.20%,"3,715",59.80%,"18,790","2,598","2,129","1,949","4,669","15,075",0,365,"45,575",41.23%,5.70%,4.67%,4.28%,10.24%,33.08%,0.00%,0.80%
Edinburgh North and Leith,SNP,Lab,"20,805",42.10%,"7,268",63.00%,"20,805","3,254","1,818","3,879","5,417","13,537",0,765,"49,475",42.05%,6.58%,3.67%,7.84%,10.95%,27.36%,0.00%,1.55%
Edinburgh South,Lab,Lab,"24,976",53.30%,"17,251",66.30%,"24,976","4,001","1,845","2,746","4,270","7,725",0,"1,263","46,826",53.34%,8.54%,3.94%,5.86%,9.12%,16.50%,0.00%,2.70%
Edinburgh South West,SNP,Lab,"18,663",40.90%,"6,217",61.90%,"18,663","5,558","2,087","3,014","3,450","12,446",0,446,"45,664",40.87%,12.17%,4.57%,6.60%,7.56%,27.26%,0.00%,0.98%
Edinburgh West,LD,LD,"26,645",50.80%,"16,470",68.60%,"7,854","2,897","2,209","26,645","2,100","10,175",0,591,"52,471",14.97%,5.52%,4.21%,50.78%,4.00%,19.39%,0.00%,1.13%
Falkirk,SNP,Lab,"18,343",43.00%,"4,996",58.00%,"18,343","3,576","3,375","1,092","1,711","13,347",0,"1,181","42,625",43.03%,8.39%,7.92%,2.56%,4.01%,31.31%,0.00%,2.77%
Glasgow East,SNP,Lab,"15,543",43.80%,"3,784",51.20%,"15,543","1,707","2,371",872,"2,727","11,759",0,466,"35,445",43.85%,4.82%,6.69%,2.46%,7.69%,33.18%,0.00%,1.31%
Glasgow North,SNP,Lab,"14,655",42.20%,"3,539",51.00%,"14,655","1,366","1,655","1,142","4,233","11,116",0,572,"34,739",42.19%,3.93%,4.76%,3.29%,12.19%,32.00%,0.00%,1.65%
Glasgow North East,SNP,Lab,"15,639",45.90%,"4,637",47.00%,"15,639","1,182","2,272",592,"2,471","11,002",0,933,"34,091",45.87%,3.47%,6.66%,1.74%,7.25%,32.27%,0.00%,2.74%
Glasgow West,SNP,Lab,"18,621",46.70%,"6,446",58.00%,"18,621","1,720","2,098","1,316","3,662","12,175",0,310,"39,902",46.67%,4.31%,5.26%,3.30%,9.18%,30.51%,0.00%,0.78%
Glasgow South,SNP,Lab,"17,696",41.80%,"4,154",60.00%,"17,696","1,617","1,736","1,316","5,554","13,542",0,917,"42,378",41.76%,3.82%,4.10%,3.11%,13.11%,31.96%,0.00%,2.16%
Glasgow South West,SNP,Lab,"15,552",43.60%,"3,285",52.00%,"15,552","1,387","2,236",958,"2,727","12,267",0,542,"35,669",43.60%,3.89%,6.27%,2.69%,7.65%,34.39%,0.00%,1.52%
Glenrothes and Mid Fife,SNP,Lab,"15,994",44.30%,"2,954",51.00%,"15,994","1,973","3,528","1,604",0,"13,040",0,0,"36,139",44.26%,5.46%,9.76%,4.44%,0.00%,36.08%,0.00%,0.00%
Gordon and Buchan,Con,Con,"14,418",32.90%,878,63.20%,"4,686","14,418","3,978","7,307",0,"13,540",0,0,"43,929",10.67%,32.82%,9.06%,16.63%,0.00%,30.82%,0.00%,0.00%
Hamilton and Clyde Valley,SNP,Lab,"21,020",49.90%,"9,472",55.80%,"21,020","4,589","3,299","1,511",0,"11,548",0,117,"42,084",49.95%,10.90%,7.84%,3.59%,0.00%,27.44%,0.00%,0.28%
Inverclyde and Renfrewshire West,SNP,Lab,"18,931",46.90%,"6,371",57.50%,"18,931","2,863","2,476","1,259","1,173","12,560",0,"1,088","40,350",46.92%,7.10%,6.14%,3.12%,2.91%,31.13%,0.00%,2.70%
"Inverness, Skye and West Ross-shire",SNP,LD,"18,159",37.80%,"2,160",61.70%,"6,246","2,502","2,034","18,159","2,038","15,999",0,178,"47,156",13.25%,5.31%,4.31%,38.51%,4.32%,33.93%,0.00%,0.38%
Kilmarnock and Loudoun,SNP,Lab,"19,055",44.90%,"5,129",57.10%,"19,055","3,527","3,472",850,"1,237","13,936",0,401,"42,478",44.86%,8.30%,8.17%,2.00%,2.91%,32.81%,0.00%,0.94%
Livingston,SNP,Lab,"18,324",40.90%,"3,528",57.50%,"18,324","3,469","3,977","2,025","1,704","14,796",0,545,"44,840",40.87%,7.74%,8.87%,4.52%,3.80%,33.00%,0.00%,1.22%
Lothian East,SNP,Lab,"23,555",49.20%,"13,265",63.50%,"23,555","5,335","3,039","2,649","2,477","10,290",0,557,"47,902",49.17%,11.14%,6.34%,5.53%,5.17%,21.48%,0.00%,1.16%
Mid Dunbartonshire,SNP,LD,"22,349",42.40%,"9,673",72.00%,"10,933","2,452","2,099","22,349","1,720","12,676",0,449,"52,678",20.75%,4.65%,3.98%,42.43%,3.27%,24.06%,0.00%,0.85%
Midlothian,SNP,Lab,"21,480",48.60%,"8,167",59.80%,"21,480","3,248","3,276","2,589",0,"13,313",0,259,"44,165",48.64%,7.35%,7.42%,5.86%,0.00%,30.14%,0.00%,0.59%
"Moray West, Nairn and Strathspey",SNP,SNP,"14,961",32.10%,"1,001",60.00%,"8,259","13,960","3,490","3,785","1,676","14,961",0,423,"46,554",17.74%,29.99%,7.50%,8.13%,3.60%,32.14%,0.00%,0.91%
"Motherwell, Wishaw and Carluke",SNP,Lab,"19,168",49.10%,"7,085",54.60%,"19,168","2,415","3,004",822,"1,200","12,083",0,334,"39,026",49.12%,6.19%,7.70%,2.11%,3.07%,30.96%,0.00%,0.86%
Na h-Eileanan an Iar,SNP,Lab,"6,692",49.50%,"3,836",64.80%,"6,692",647,697,382,0,"2,856",0,"2,254","13,528",49.47%,4.78%,5.15%,2.82%,0.00%,21.11%,0.00%,16.66%
North Ayrshire and Arran,SNP,Lab,"16,821",39.80%,"3,551",56.40%,"16,821","5,954","3,415","1,005","1,327","13,270",0,470,"42,262",39.80%,14.09%,8.08%,2.38%,3.14%,31.40%,0.00%,1.11%
North East Fife,LD,LD,"23,384",54.70%,"13,479",61.20%,"4,026","1,666","2,094","23,384","1,653","9,905",0,0,"42,728",9.42%,3.90%,4.90%,54.73%,3.87%,23.18%,0.00%,0.00%
Orkney and Shetland,LD,LD,"11,392",55.10%,"7,807",60.00%,"1,493",586,"1,586","11,392","2,046","3,585",0,0,"20,688",7.22%,2.83%,7.67%,55.07%,9.89%,17.33%,0.00%,0.00%
Paisley and Renfrewshire North,SNP,Lab,"19,561",47.10%,"6,333",58.40%,"19,561","2,659","3,228","1,374","1,469","13,228",0,0,"41,519",47.11%,6.40%,7.77%,3.31%,3.54%,31.86%,0.00%,0.00%
Paisley and Renfrewshire South,SNP,Lab,"19,583",47.40%,"6,527",57.70%,"19,583","2,219","2,956","1,315","1,724","13,056",0,430,"41,283",47.44%,5.38%,7.16%,3.19%,4.18%,31.63%,0.00%,1.04%
Perth and Kinross-shire,SNP,SNP,"18,928",37.80%,"4,127",64.80%,"9,018","14,801","2,970","3,681",0,"18,928",0,679,"50,077",18.01%,29.56%,5.93%,7.35%,0.00%,37.80%,0.00%,1.36%
Rutherglen,SNP,Lab,"21,460",50.50%,"8,767",58.50%,"21,460","2,420","2,685","1,714",0,"12,693",0,"1,512","42,484",50.51%,5.70%,6.32%,4.03%,0.00%,29.88%,0.00%,3.56%
Stirling and Strathallan,SNP,Lab,"16,856",33.90%,"1,394",65.30%,"16,856","9,469","3,145","2,530","2,320","15,462",0,0,"49,782",33.86%,19.02%,6.32%,5.08%,4.66%,31.06%,0.00%,0.00%
West Aberdeenshire and Kincardine,Con,Con,"17,428",35.60%,"3,441",67.10%,"6,397","17,428","3,497","6,342","1,032","13,987",0,275,"48,958",13.07%,35.60%,7.14%,12.95%,2.11%,28.57%,0.00%,0.56%
West Dunbartonshire,SNP,Lab,"19,312",48.80%,"6,010",57.50%,"19,312","1,474","2,770",839,"1,496","13,302",0,391,"39,584",48.79%,3.72%,7.00%,2.12%,3.78%,33.60%,0.00%,0.99%
Aberafan Maesteg,Lab,Lab,"17,838",49.90%,"10,354",49.30%,"17,838","2,903","7,484",916,"1,094",0,"4,719",801,"35,755",49.89%,8.12%,20.93%,2.56%,3.06%,0.00%,13.20%,2.24%
Alyn and Deeside,Lab,Lab,"18,395",42.40%,"8,794",57.30%,"18,395","7,892","9,601","2,065","1,926",0,"1,938","1,575","43,392",42.39%,18.19%,22.13%,4.76%,4.44%,0.00%,4.47%,3.63%
Bangor Aberconwy,Con,Lab,"14,008",33.60%,"4,896",60.00%,"14,008","9,036","6,091","1,524","1,361",0,"9,112",528,"41,660",33.62%,21.69%,14.62%,3.66%,3.27%,0.00%,21.87%,1.27%
Blaenau Gwent and Rhymney,Lab,Lab,"16,027",53.60%,"12,183",43.00%,"16,027","3,776",0,"1,268","1,719",0,"3,844","3,288","29,922",53.56%,12.62%,0.00%,4.24%,5.74%,0.00%,12.85%,10.99%
"Brecon, Radnor and Cwm Tawe",Con,LD,"13,736",29.50%,"1,472",64.00%,"9,904","12,264","6,567","13,736","1,188",0,"2,280",609,"46,548",21.28%,26.35%,14.11%,29.51%,2.55%,0.00%,4.90%,1.31%
Bridgend,Con,Lab,"16,516",39.90%,"8,595",56.70%,"16,516","6,764","7,921","1,446","1,760",0,"3,629","3,338","41,374",39.92%,16.35%,19.14%,3.49%,4.25%,0.00%,8.77%,8.07%
Caerfyrddin,Con,PC,"15,520",34.00%,"4,505",62.00%,"10,985","8,825","6,944","1,461","1,371",0,"15,520",498,"45,604",24.09%,19.35%,15.23%,3.20%,3.01%,0.00%,34.03%,1.09%
Caerphilly,Lab,Lab,"14,538",38.00%,"6,419",52.60%,"14,538","4,385","7,754","1,788","1,650",0,"8,119",0,"38,234",38.02%,11.47%,20.28%,4.68%,4.32%,0.00%,21.24%,0.00%
Cardiff East,Lab,Lab,"15,833",40.50%,"9,097",53.70%,"15,833","3,913","4,980","6,736","3,916",0,"3,550",195,"39,123",40.47%,10.00%,12.73%,17.22%,10.01%,0.00%,9.07%,0.50%
Cardiff North,Lab,Lab,"20,849",43.90%,"11,207",66.50%,"20,849","9,642","5,985","3,168","3,160",0,"4,669",0,"47,473",43.92%,20.31%,12.61%,6.67%,6.66%,0.00%,9.84%,0.00%
Cardiff South and Penarth,Lab,Lab,"17,428",44.50%,"11,767",54.00%,"11,767","5,459","4,493","2,908","5,661",0,"3,227",0,"33,515",35.11%,16.29%,13.41%,8.68%,16.89%,0.00%,9.63%,0.00%
Cardiff West,Lab,Lab,"16,442",36.70%,"7,019",59.30%,"16,442","6,835","5,626","1,921","3,157",0,"9,423","1,353","44,757",36.74%,15.27%,12.57%,4.29%,7.05%,0.00%,21.05%,3.02%
Ceredigion Preseli,PC,PC,"21,738",46.90%,"14,789",61.20%,"5,386","4,763","5,374","6,949","1,864",0,"21,738",228,"46,302",11.63%,10.29%,11.61%,15.01%,4.03%,0.00%,46.95%,0.49%
Clwyd East,Con,Lab,"18,484",38.70%,"4,622",62.40%,"18,484","13,862","7,626","1,859","1,659",0,"3,733",599,"47,822",38.65%,28.99%,15.95%,3.89%,3.47%,0.00%,7.81%,1.25%
Clwyd North,Con,Lab,"14,794",35.50%,"1,196",55.50%,"14,794","13,598","7,000","1,685","1,391",0,"3,159",0,"41,627",35.54%,32.67%,16.82%,4.05%,3.34%,0.00%,7.59%,0.00%
Dwyfor Meirionnydd,PC,PC,"21,788",53.90%,"15,876",55.30%,"5,912","4,712","4,857","1,381","1,448",0,"21,788",297,"40,395",14.64%,11.66%,12.02%,3.42%,3.58%,0.00%,53.94%,0.74%
Gower,Lab,Lab,"20,480",43.40%,"11,567",24.50%,"20,480","8,913","8,530","2,593","2,488",0,"3,942",283,"47,229",43.36%,18.87%,18.06%,5.49%,5.27%,0.00%,8.35%,0.60%
Llanelli,Lab,Lab,"12,751",31.30%,"1,504",57.00%,"12,751","4,275","11,247","1,254","1,106",0,"9,511",600,"40,744",31.30%,10.49%,27.60%,3.08%,2.71%,0.00%,23.34%,1.47%
Merthyr Tydfil and Aberdare,Lab,Lab,"15,791",44.80%,"7,447",47.30%,"15,791","2,687","8,344","1,276","1,231",0,"4,768","1,118","35,215",44.84%,7.63%,23.69%,3.62%,3.50%,0.00%,13.54%,3.17%
Mid and South Pembrokeshire,Con,Lab,"16,505",35.40%,"1,878",59.20%,"16,505","14,627","7,828","2,372","1,654",0,"2,962",681,"46,629",35.40%,31.37%,16.79%,5.09%,3.55%,0.00%,6.35%,1.46%
Monmouthshire,Con,Lab,"21,010",41.30%,"3,338",68.00%,"21,010","17,672","5,438","2,279","2,357",0,"1,273",815,"50,844",41.32%,34.76%,10.70%,4.48%,4.64%,0.00%,2.50%,1.60%
Montgomeryshire and Glyndr,Con,Lab,"12,709",29.40%,"3,815",58.40%,"12,709","7,775","8,894","6,470","1,744",0,"5,667",0,"43,259",29.38%,17.97%,20.56%,14.96%,4.03%,0.00%,13.10%,0.00%
Neath and Swansea East,Lab,Lab,"16,797",41.80%,"6,627",52.50%,"16,797","3,765","10,170","2,344","1,711",0,"5,350",0,"40,137",41.85%,9.38%,25.34%,5.84%,4.26%,0.00%,13.33%,0.00%
Newport East,Lab,Lab,"16,370",42.50%,"9,009",50.00%,"16,370","6,487","7,361","2,045","2,092",0,"7,361","1,937","43,653",37.50%,14.86%,16.86%,4.68%,4.79%,0.00%,16.86%,4.44%
Newport West and Islwyn,Lab,Lab,"17,409",41.50%,"8,868",55.40%,"17,409","6,710","8,541","2,087","2,078",0,"3,529","1,597","41,951",41.50%,15.99%,20.36%,4.97%,4.95%,0.00%,8.41%,3.81%
Pontypridd,Lab,Lab,"16,225",41.20%,"8,402",52.50%,"16,225","3,775","7,823","1,606","1,865",0,"5,275","2,809","39,378",41.20%,9.59%,19.87%,4.08%,4.74%,0.00%,13.40%,7.13%
Rhondda and Ogmore,Lab,Lab,"17,118",47.80%,"7,790",48.10%,"17,118","2,050","9,328",935,"1,177",0,"5,198",0,"35,806",47.81%,5.73%,26.05%,2.61%,3.29%,0.00%,14.52%,0.00%
Swansea West,Lab,Lab,"14,761",41.40%,"8,515",48.00%,"14,761","3,536","6,246","4,367","2,305",0,"4,105",337,"35,657",41.40%,9.92%,17.52%,12.25%,6.46%,0.00%,11.51%,0.95%
Torfaen,Lab,Lab,"15,176",42.50%,"7,322",49.90%,"15,176","5,737","7,854","1,644","1,705",0,"2,571","1,018","35,705",42.50%,16.07%,22.00%,4.60%,4.78%,0.00%,7.20%,2.85%
Vale of Glamorgan,Con,Lab,"17,740",38.70%,"4,216",61.60%,"17,740","13,524","6,973","1,612","1,881",0,"3,245",851,"45,826",38.71%,29.51%,15.22%,3.52%,4.10%,0.00%,7.08%,1.86%
Wrexham,Con,Lab,"15,836",39.20%,"5,948",57.50%,"15,836","9,888","6,915","1,777","1,881",0,"4,138",851,"41,286",38.36%,23.95%,16.75%,4.30%,4.56%,0.00%,10.02%,2.06%
Ynys Mon,Con,PC,"10,590",32.50%,637,61.40%,"7,619","9,953","3,223",439,604,0,"10,590",200,"32,628",23.35%,30.50%,9.88%,1.35%,1.85%,0.00%,32.46%,0.61%
